-- MySQL dump 10.13  Distrib 5.7.9, for Win64 (x86_64)
--
-- Host: 152.10.136.215    Database: label_order
-- ------------------------------------------------------
-- Server version	5.5.41-0ubuntu0.14.04.1

/*!40101 SET @OLD_CHARACTER_SET_CLIENT=@@CHARACTER_SET_CLIENT */;
/*!40101 SET @OLD_CHARACTER_SET_RESULTS=@@CHARACTER_SET_RESULTS */;
/*!40101 SET @OLD_COLLATION_CONNECTION=@@COLLATION_CONNECTION */;
/*!40101 SET NAMES utf8 */;
/*!40103 SET @OLD_TIME_ZONE=@@TIME_ZONE */;
/*!40103 SET TIME_ZONE='+00:00' */;
/*!40014 SET @OLD_UNIQUE_CHECKS=@@UNIQUE_CHECKS, UNIQUE_CHECKS=0 */;
/*!40014 SET @OLD_FOREIGN_KEY_CHECKS=@@FOREIGN_KEY_CHECKS, FOREIGN_KEY_CHECKS=0 */;
/*!40101 SET @OLD_SQL_MODE=@@SQL_MODE, SQL_MODE='NO_AUTO_VALUE_ON_ZERO' */;
/*!40111 SET @OLD_SQL_NOTES=@@SQL_NOTES, SQL_NOTES=0 */;

--
-- Temporary view structure for view `RVG_Group_Mapping`
--

DROP TABLE IF EXISTS `RVG_Group_Mapping`;
/*!50001 DROP VIEW IF EXISTS `RVG_Group_Mapping`*/;
SET @saved_cs_client     = @@character_set_client;
SET character_set_client = utf8;
/*!50001 CREATE VIEW `RVG_Group_Mapping` AS SELECT 
 1 AS `revenue_center_id`,
 1 AS `group_id`,
 1 AS `revenue_center`,
 1 AS `group_name`*/;
SET character_set_client = @saved_cs_client;

--
-- Table structure for table `budget_definition`
--

DROP TABLE IF EXISTS `budget_definition`;
/*!40101 SET @saved_cs_client     = @@character_set_client */;
/*!40101 SET character_set_client = utf8 */;
CREATE TABLE `budget_definition` (
  `revenue_center_id` int(11) NOT NULL AUTO_INCREMENT,
  `revenue_center` varchar(64) DEFAULT NULL,
  `FOAP_fund` varchar(6) DEFAULT NULL,
  `deliv_Dest` varchar(54) DEFAULT NULL,
  PRIMARY KEY (`revenue_center_id`)
) ENGINE=InnoDB AUTO_INCREMENT=6 DEFAULT CHARSET=latin1;
/*!40101 SET character_set_client = @saved_cs_client */;

--
-- Dumping data for table `budget_definition`
--

LOCK TABLES `budget_definition` WRITE;
/*!40000 ALTER TABLE `budget_definition` DISABLE KEYS */;
INSERT INTO `budget_definition` VALUES (1,'Rivers Street Cafe','332330','Charlie Wallin'),(2,'Chick-Fil-A','332335','Sam Mooney'),(3,'Sanford Commons','332340','John Wolcott'),(4,'Cascades Cafe','332360','Donna Merrell'),(5,'Park Place Cafe','332370','Lori Durham');
/*!40000 ALTER TABLE `budget_definition` ENABLE KEYS */;
UNLOCK TABLES;

--
-- Table structure for table `labelgroups`
--

DROP TABLE IF EXISTS `labelgroups`;
/*!40101 SET @saved_cs_client     = @@character_set_client */;
/*!40101 SET character_set_client = utf8 */;
CREATE TABLE `labelgroups` (
  `group_id` int(11) NOT NULL AUTO_INCREMENT,
  `group_name` varchar(64) NOT NULL,
  PRIMARY KEY (`group_id`)
) ENGINE=InnoDB AUTO_INCREMENT=9 DEFAULT CHARSET=latin1;
/*!40101 SET character_set_client = @saved_cs_client */;

--
-- Dumping data for table `labelgroups`
--

LOCK TABLES `labelgroups` WRITE;
/*!40000 ALTER TABLE `labelgroups` DISABLE KEYS */;
INSERT INTO `labelgroups` VALUES (1,'ASU Bake Shop'),(2,'Cascades Cafe'),(3,'Chick-Fil-A'),(4,'Rivers Street Grille'),(5,'Rivers Street Wrapps'),(6,'Mountaineer Grille'),(7,'Park Place Cafe'),(8,'Made in All Units');
/*!40000 ALTER TABLE `labelgroups` ENABLE KEYS */;
UNLOCK TABLES;

--
-- Table structure for table `labels`
--

DROP TABLE IF EXISTS `labels`;
/*!40101 SET @saved_cs_client     = @@character_set_client */;
/*!40101 SET character_set_client = utf8 */;
CREATE TABLE `labels` (
  `label_id` int(11) NOT NULL AUTO_INCREMENT,
  `label_name` varchar(96) NOT NULL,
  `group_id` int(11) NOT NULL,
  PRIMARY KEY (`label_id`),
  KEY `group_id` (`group_id`),
  CONSTRAINT `labels_ibfk_1` FOREIGN KEY (`group_id`) REFERENCES `labelgroups` (`group_id`)
) ENGINE=InnoDB AUTO_INCREMENT=198 DEFAULT CHARSET=latin1;
/*!40101 SET character_set_client = @saved_cs_client */;

--
-- Dumping data for table `labels`
--

LOCK TABLES `labels` WRITE;
/*!40000 ALTER TABLE `labels` DISABLE KEYS */;
INSERT INTO `labels` VALUES (1,'053 Generic Allergen',8),(2,'008 Banana Nut Bread',1),(3,'011 Bavarian Wheat Roll',1),(4,'017 Blueberry Bagel',1),(5,'044 Cinnamon Raisin Bagel',1),(6,'046 Cornbread Squares',1),(7,'047 Croissant',1),(8,'050 English Muffin',1),(9,'051 Everything Bagel',1),(10,'062 Honey Wheat Ranch Roll',1),(11,'099 Plain Bagel',1),(12,'101 Pumpkin Bread',1),(13,'138 Strawberry Nut Bread',1),(14,'154 Wheat Bagel',1),(15,'177 Yeast Roll',1),(16,'012 Biscuit Chicken',8),(17,'013 Biscuit Country Ham',8),(18,'014 Biscuit Sausage',8),(19,'015 Biscuit Steak',8),(20,'058 Granola',8),(21,'064 Hummus & Pita',8),(22,'141 Three Cheese Dip & Tortilla Chips',8),(23,'144 Tropical Fruit Salad',8),(24,'005 Apple Turnover',1),(25,'022 Cheese Danish',1),(26,'025 Cherry Turnover',1),(27,'035 Chocolate Croissant',1),(28,'019 Brownie Pie',1),(29,'020 Carrot Cake',1),(31,'030 Chocolate Cake with Chocolate Buttercream',1),(32,'031 Chocolate Cake with Dark Chocolate Icing',1),(33,'032 Chocolate Cake with White Buttercream',1),(34,'034 Chocolate Chunk Cookie',1),(35,'036 Chocolate Cupcake with Chocolate Buttercream',1),(36,'037 Chocolate Cupcake with White Buttercream',1),(38,'054 German Chocolate Cake',1),(39,'059 Granola Bar',1),(40,'065 Iced Chocolate Brownie',1),(41,'066 Iced Peanut Butter Brownie',1),(43,'080 Mandarin Orange Pineapple Cake',1),(45,'096 Peanut Butter Cheerio Squares',1),(46,'105 Red Velvet Cake with Cream Cheese Icing',1),(47,'106 Reese\'s Peanut Butter Cookie',1),(48,'107 Rice Krispies Treat',1),(49,'123 Rum Pound Cake',1),(53,'124 S\'mores Bars',1),(54,'135 Strawberry Cake with Cream Cheese Icing',1),(55,'147 Vanilla Cake with Cherry Buttercream',1),(56,'148 Vanilla Cake with Chocolate Buttercream',1),(58,'150 Vanilla Cake with White Buttercream',1),(59,'151 Vanilla Cupcake with Chocolate Buttercream',1),(60,'152 Vanilla Cupcake with White Buttercream',1),(61,'156 White Chocolate Macadamia Nut Cookie',1),(62,'021 Champagne Cake',1),(63,'069 Jumbo Cinnamon Roll with Cream Cheese Icing',1),(64,'089 New York Style Cheesecake',1),(65,'102 Pumpkin Cheesecake',1),(66,'136 Strawberry Cheesecake',1),(67,'143 Triple Indulgence Chocolate Cheesecake',1),(68,'063 Hummus',2),(69,'071 Large Chicken Caesar Salad',2),(70,'073 Large Grilled Chicken Salad',2),(71,'094 Pasta Salad',2),(72,'128 Small Chicken Caesar Salad',2),(73,'130 Small Garden Salad',2),(74,'131 Small Grilled Chicken Salad',2),(75,'072 Large Garden Salad',2),(76,'142 Tortilla Chips',2),(77,'026 Chick-Fil-A Chicken Sandwich',3),(78,'027 Chick-Fil-A Grilled Market Salad',3),(79,'028 Chick-Fil-A Nuggets',3),(81,'108 Rivers Street Grille - Bacon Cheeseburger',4),(82,'109 Rivers Street Grille - Blue Ridge Burger',4),(83,'111 Rivers Street Grille - Buffalo Fried Chicken Sandwich',4),(84,'112 Rivers Street Grille - Caribbean Jerk Chicken Sandwich',4),(86,'113 Rivers Street Grille - Fried Bologna Sandwich',4),(87,'114 Rivers Street Grille - Fried Chicken Breast Sandwich',4),(88,'115 Rivers Street Grille - Grilled Cheese',4),(89,'116 Rivers Street Grille - Grilled Chicken Breast Sandwich',4),(90,'117 Rivers Street Grille - Grilled Ham & Cheese',4),(91,'118 Rivers Street Grille - Hot Dog',4),(92,'119 Rivers Street Grille - Mushroom Swiss Burger',4),(93,'120 Rivers Street Grille - Reuben Sandwich',4),(94,'121 Rivers Street Grille - Spicy Chicken Breast Sandwich',4),(95,'122 Rivers Street Grille - Turkey Burger',4),(96,'160 Wrapps - Apps Wrapp',5),(97,'161 Wrapps - Beef Burrito',5),(98,'162 Wrapps - BLT',5),(99,'163 Wrapps - Breakfast Burrito',5),(100,'164 Wrapps - Chicken Burrito',5),(101,'165 Wrapps - Chicken Caesar',5),(103,'167 Wrapps - Fajita Chicken',5),(104,'168 Wrapps - Garden Gate',5),(105,'169 Wrapps - Hungry App',5),(107,'171 Wrapps - Mountaineer Wrap',5),(108,'172 Wrapps - Power Bomb',5),(109,'174 Wrapps - Supreme Breakfast Burrito',5),(110,'175 Wrapps - Veggie Burrito',5),(111,'176 Wrapps - Yosef Wrap',5),(112,'083 Mountaineer Grill - Bacon Cheeseburger',6),(113,'085 Mountaineer Grill - Double Cheeseburger',6),(114,'084 Mountaineer Grill - Cheeseburger',6),(115,'088 Mountaineer Grill - Spicy Chicken',6),(116,'087 Mountaineer Grill - Grilled Chicken',6),(117,'086 Mountaineer Grill - Grilled Cheese',6),(118,'049 Egg & Cheese on Plain Bagel',8),(119,'048 Egg & Cheese on Everything Bagel',8),(120,'007 Bacon, Egg & Cheese on Plain Bagel',8),(121,'006 Bacon, Egg & Cheese on Everything Bagel',8),(122,'127 Sausage, Egg & Cheese on Plain Bagel',8),(123,'126 Sausage, Egg & Cheese on Everything Bagel',8),(124,'001 Angel Food Cake',1),(125,'002 Apple Bread',1),(126,'004 Apple Pie',1),(127,'024 Cherry Pie',1),(128,'043 Chocolate Pound Cake with Chocolate Glaze',1),(130,'055 German Chocolate Pie',1),(131,'074 Lemon Chess Pie',1),(135,'082 Mounds Cake',1),(136,'097 Pecan Pie',1),(137,'103 Pumpkin Pie',1),(138,'125 S\'mores Cookie',1),(141,'140 Sugar Cookie',1),(142,'146 Uniced Chocolate Brownie',1),(143,'016 Black Bean Hummus',2),(144,'060 Grapes with Cheese',7),(145,'061 Ham Croissant',7),(146,'092 Park Place Pimento Cheese',7),(147,'093 Park Place Spinach Dip',7),(148,'095 Peaches with Cottage Cheese',7),(149,'098 Pita Bread',7),(150,'145 Turkey Croissant',7),(151,'110 Rivers Street Grille - Blue Ridge Cheeseburger',4),(152,'173 Wrapps - Stumpjumper',5),(153,'003 Apple Filled Donut',1),(155,'010 Bavarian Crème Filled Long John',1),(156,'029 Chipotle Turkey Wrap',2),(157,'033 Chocolate Carrot Cake with Cream Cheese Icing',1),(159,'039 Chocolate Glazed Bavarian Crème Filled Long John',1),(160,'040 Chocolate Glazed White Cream Filled Donut',1),(161,'041 Chocolate Glazed White Cream Filled Long John',1),(162,'042 Chocolate Glazed Yeast Donut',1),(163,'056 Glazed Yeast Donut',1),(164,'057 Glazed Yeast Donut Holes',1),(167,'070 Kaiser Roll',1),(168,'075 Lemon Filled Donut',1),(169,'081 Maple Glazed Yeast Donut',1),(170,'091 Onion Kaiser Roll',1),(171,'100 Powdered Sugared Donut Holes',1),(172,'104 Raspberry Filled Donut',1),(173,'137 Strawberry Cream Cheese Fruit Bites',1),(174,'153 Veggie Hummus Wrap',2),(175,'155 Wheat Demi Roll',1),(178,'159 White Demi Roll',1),(179,'018 Blueberry Filled Donut',1),(180,'178 Rivers Street Grille - Grilled Chicken Club',4),(181,'179 Chicken Caesar Wrap',7),(182,'180 Southwest Chicken Wrap',7),(183,'181 Turkey Bacon Buffalo Ranch Wrap',7),(184,'182 Honey Dijon Ham \'n Swiss Wrap',7),(185,'183 Wrapps - Boone Philly',5),(186,'184 Wrapps - The Clubhouse',5),(187,'185 Blueberry & Banana Overnight Oats',8),(188,'186 Chocolate Cake with Reese\'s Cups & Dark Chocolate Icing',1),(189,'187 Fresh Apple Cake with Cream Cheese Icing',1),(190,'188 Iced Chocolate Brownie with Pecans',1),(192,'189 Small Cinnamon Roll',1),(193,'190 Strawberry & Cream Overnight Oats',8),(194,'191 Vanilla Cake with Dark Chocolate Icing',1),(195,'192 Multi Grain Mini Boule',2),(196,'193 Gluten Friendly Bagel Thin',2),(197,'194 Fruit & Yogurt Parfait',7);
/*!40000 ALTER TABLE `labels` ENABLE KEYS */;
UNLOCK TABLES;

--
-- Table structure for table `orderhistory`
--

DROP TABLE IF EXISTS `orderhistory`;
/*!40101 SET @saved_cs_client     = @@character_set_client */;
/*!40101 SET character_set_client = utf8 */;
CREATE TABLE `orderhistory` (
  `id` int(11) NOT NULL AUTO_INCREMENT,
  `label` varchar(96) DEFAULT NULL,
  `quantity` int(11) DEFAULT NULL,
  `unit` varchar(64) DEFAULT NULL,
  `orderdate` datetime DEFAULT NULL,
  `user` varchar(96) DEFAULT NULL,
  `order_number` int(11) DEFAULT NULL,
  `recieved_state` varchar(1) DEFAULT '0',
  PRIMARY KEY (`id`)
) ENGINE=InnoDB AUTO_INCREMENT=942 DEFAULT CHARSET=latin1;
/*!40101 SET character_set_client = @saved_cs_client */;

--
-- Dumping data for table `orderhistory`
--

LOCK TABLES `orderhistory` WRITE;
/*!40000 ALTER TABLE `orderhistory` DISABLE KEYS */;
INSERT INTO `orderhistory` VALUES (1,'test label',4,'Unit','2015-07-01 13:38:00','Jerpo',NULL,NULL),(2,'test label',4,'Unit','2015-07-01 13:38:00','Jerpo',NULL,NULL),(3,'test label from email',4,'theUnit','2015-07-01 13:38:00','Php',NULL,NULL),(4,'test label from email',4,'theUnit','2015-07-01 13:38:00','Php',NULL,NULL),(5,'test label from email',4,'theUnit','2015-07-01 13:38:00','Php',NULL,NULL),(6,'test label from email',4,'theUnit','2015-07-01 13:38:00','Php',NULL,NULL),(7,'test label from email',4,'theUnit','2015-07-01 13:38:00','Php',NULL,NULL),(8,'test label from email',4,'theUnit','2015-07-01 13:38:00','Php',NULL,NULL),(9,'test label from email',4,'theUnit','2015-07-01 13:38:00','Php',NULL,NULL),(10,'test label from email',4,'theUnit','2015-07-01 13:38:00','Php',NULL,NULL),(11,'test label from email',4,'theUnit','2015-07-01 13:38:00','Php',NULL,NULL),(12,'test label from email',4,'theUnit','2015-07-01 20:27:39','Php',NULL,NULL),(13,'test label from email',4,'theUnit','2015-07-01 20:27:40','Php',NULL,NULL),(14,'test label from email',4,'theUnit','2015-07-01 20:27:40','Php',NULL,NULL),(15,'test label from email',4,'theUnit','2015-07-01 20:27:40','Php',NULL,NULL),(16,'test label from email',4,'theUnit','2015-07-01 20:27:40','Php',NULL,NULL),(17,'test label from email',4,'theUnit','2015-07-01 20:27:40','Php',NULL,NULL),(18,'test label from email',4,'theUnit','2015-07-01 20:27:40','Php',NULL,NULL),(19,'test label from email',4,'theUnit','2015-07-01 20:27:46','Php',NULL,NULL),(20,'test label from email',4,'theUnit','2015-07-01 20:27:46','Php',NULL,NULL),(21,'test label from email',4,'theUnit','2015-07-01 20:27:47','Php',NULL,NULL),(22,'test label from email',4,'theUnit','2015-07-01 20:27:47','Php',NULL,NULL),(23,'test label from email',4,'theUnit','2015-07-01 20:27:53','Php',NULL,NULL),(24,'test label from email',4,'theUnit','2015-07-01 20:27:53','Php',NULL,NULL),(25,'test label from email',4,'theUnit','2015-07-01 20:27:53','Php',NULL,NULL),(26,'test label from email',4,'theUnit','2015-07-01 20:27:53','Php',NULL,NULL),(27,'test label from email',4,'theUnit','2015-07-01 20:27:53','Php',NULL,NULL),(28,'test label from email',4,'theUnit','2015-07-01 20:27:53','Php',NULL,NULL),(29,'test label from email',4,'theUnit','2015-07-01 20:27:54','Php',NULL,NULL),(30,'test label from email',4,'theUnit','2015-07-01 20:27:54','Php',NULL,NULL),(31,'test label from email',4,'theUnit','2015-07-01 20:27:54','Php',NULL,NULL),(32,'test label from email',4,'theUnit','2015-07-01 20:27:54','Php',NULL,NULL),(33,'test label from email',4,'theUnit','2015-07-01 20:27:54','Php',NULL,NULL),(34,'test label from email',4,'theUnit','2015-07-01 20:27:57','Php',NULL,NULL),(35,'test label from email',4,'theUnit','2015-07-01 20:27:57','Php',NULL,NULL),(36,'test label from email',4,'theUnit','2015-07-01 20:27:57','Php',NULL,NULL),(37,'test label from email',4,'theUnit','2015-07-01 20:28:06','Php',NULL,NULL),(38,'test label from email',4,'theUnit','2015-07-01 20:28:18','Php',NULL,NULL),(39,'test label from email',4,'theUnit','2015-07-01 20:28:18','Php',NULL,NULL),(40,'test label from email',4,'theUnit','2015-07-01 20:28:19','Php',NULL,NULL),(41,'test label from email',4,'theUnit','2015-07-01 20:28:19','Php',NULL,NULL),(42,'test label from email',4,'theUnit','2015-07-01 20:37:50','Php',NULL,NULL),(43,'test label from email',4,'theUnit','2015-07-01 20:41:19','Php',NULL,NULL),(44,'test label from email',4,'theUnit','2015-07-01 20:41:19','Php',NULL,NULL),(45,'test label from email',4,'theUnit','2015-07-01 20:42:25','Php',NULL,NULL),(46,'Banana Nut Bread',44,'Rivers Street Cafe','2015-07-02 09:38:32','pennellgc',NULL,NULL),(47,'Bavarian Wheat Roll',22,'Rivers Street Cafe','2015-07-02 09:38:32','pennellgc',NULL,NULL),(48,'Biscuit Chicken',11,'Rivers Street Cafe','2015-07-02 09:38:32','pennellgc',NULL,NULL),(49,'Biscuit Country Ham',33,'Rivers Street Cafe','2015-07-02 09:38:32','pennellgc',NULL,NULL),(50,'Biscuit Sausage',44,'Rivers Street Cafe','2015-07-02 09:38:32','pennellgc',NULL,NULL),(51,'Biscuit Steak',22,'Rivers Street Cafe','2015-07-02 09:38:32','pennellgc',NULL,NULL),(52,'Blueberry Bagel',11,'Rivers Street Cafe','2015-07-02 09:38:32','pennellgc',NULL,NULL),(53,'Brownie Pie',33,'Rivers Street Cafe','2015-07-02 09:38:32','pennellgc',NULL,NULL),(54,'Yeast Roll',100,'Rivers Street Cafe','2015-07-02 09:38:32','pennellgc',NULL,NULL),(55,'Banana Nut Bread',44,'Rivers Street Cafe','2015-07-02 09:38:32','pennellgc',NULL,NULL),(56,'Bavarian Wheat Roll',22,'Rivers Street Cafe','2015-07-02 09:38:32','pennellgc',NULL,NULL),(57,'Biscuit Chicken',11,'Rivers Street Cafe','2015-07-02 09:38:32','pennellgc',NULL,NULL),(58,'Biscuit Country Ham',33,'Rivers Street Cafe','2015-07-02 09:38:32','pennellgc',NULL,NULL),(59,'Biscuit Sausage',44,'Rivers Street Cafe','2015-07-02 09:38:32','pennellgc',NULL,NULL),(60,'Biscuit Steak',22,'Rivers Street Cafe','2015-07-02 09:38:32','pennellgc',NULL,NULL),(61,'Blueberry Bagel',11,'Rivers Street Cafe','2015-07-02 09:38:32','pennellgc',NULL,NULL),(62,'Brownie Pie',33,'Rivers Street Cafe','2015-07-02 09:38:32','pennellgc',NULL,NULL),(63,'Yeast Roll',100,'Rivers Street Cafe','2015-07-02 09:38:32','pennellgc',NULL,NULL),(64,'Banana Nut Bread',44,'Rivers Street Cafe','2015-07-02 09:38:33','pennellgc',NULL,NULL),(65,'Bavarian Wheat Roll',22,'Rivers Street Cafe','2015-07-02 09:38:33','pennellgc',NULL,NULL),(66,'Biscuit Chicken',11,'Rivers Street Cafe','2015-07-02 09:38:33','pennellgc',NULL,NULL),(67,'Biscuit Country Ham',33,'Rivers Street Cafe','2015-07-02 09:38:33','pennellgc',NULL,NULL),(68,'Biscuit Sausage',44,'Rivers Street Cafe','2015-07-02 09:38:33','pennellgc',NULL,NULL),(69,'Biscuit Steak',22,'Rivers Street Cafe','2015-07-02 09:38:33','pennellgc',NULL,NULL),(70,'Blueberry Bagel',11,'Rivers Street Cafe','2015-07-02 09:38:33','pennellgc',NULL,NULL),(71,'Brownie Pie',33,'Rivers Street Cafe','2015-07-02 09:38:33','pennellgc',NULL,NULL),(72,'Yeast Roll',100,'Rivers Street Cafe','2015-07-02 09:38:33','pennellgc',NULL,NULL),(73,'Hummus ',100,'Cascades Cafe','2015-07-02 09:40:55','grubbpw',NULL,NULL),(74,'Large Chicken Caesar Salad',101,'Cascades Cafe','2015-07-02 09:40:55','grubbpw',NULL,NULL),(75,'Large Garden Salad',102,'Cascades Cafe','2015-07-02 09:40:55','grubbpw',NULL,NULL),(76,'Large Grilled Chicken Salad',103,'Cascades Cafe','2015-07-02 09:40:55','grubbpw',NULL,NULL),(77,'Pasta Salad',104,'Cascades Cafe','2015-07-02 09:40:55','grubbpw',NULL,NULL),(78,'Mountaineer Grill - Bacon Cheeseburger',44,'Sanford Commons','2015-07-02 09:48:52','fulkac',NULL,NULL),(79,'Mountaineer Grill - Cheeseburger',11,'Sanford Commons','2015-07-02 09:48:52','fulkac',NULL,NULL),(80,'Mountaineer Grill - Double Cheeseburger',12,'Sanford Commons','2015-07-02 09:48:52','fulkac',NULL,NULL),(81,'Mountaineer Grill - Grilled Cheese',123,'Sanford Commons','2015-07-02 09:48:52','fulkac',NULL,NULL),(82,'Bacon, Egg & Cheese on Everything Bagel',100,'Park Place Cafe','2015-07-02 10:48:48','jp23789',NULL,NULL),(83,'Bacon, Egg & Cheese on Plain Bagel',200,'Park Place Cafe','2015-07-02 10:48:48','jp23789',NULL,NULL),(84,'Egg & Cheese on Everything Bagel',300,'Park Place Cafe','2015-07-02 10:48:48','jp23789',NULL,NULL),(85,'Egg & Cheese on Plain Bagel',100,'Park Place Cafe','2015-07-02 10:48:48','jp23789',NULL,NULL),(86,'Sausage, Egg & Cheese on Everything Bagel',50,'Park Place Cafe','2015-07-02 10:48:48','jp23789',NULL,NULL),(87,'Sausage, Egg & Cheese on Plain Bagel',7,'Park Place Cafe','2015-07-02 10:48:48','jp23789',NULL,NULL),(88,'Chick-Fil-A Chicken Sandwich',1,'Chick-Fil-A','2015-07-02 12:57:37','candelariajr',NULL,NULL),(89,'Chick-Fil-A Chicken Sandwich',420,'','2015-07-02 01:09:04','candelariajr',NULL,NULL),(90,'Chick-Fil-A Chicken Sandwich',420,'','2015-07-02 01:12:33','candelariajr',NULL,NULL),(91,'Wrapps - Hungry App',4,'Rivers Street Cafe','2015-07-02 01:18:36','candelariajr',NULL,NULL),(92,'Pasta Salad',40,'Cascades Cafe','2015-07-02 01:39:10','candelariajr',NULL,NULL),(93,'Small Chicken Caesar Salad',20,'Cascades Cafe','2015-07-02 01:39:10','candelariajr',NULL,NULL),(94,'Small Garden Salad',10,'Cascades Cafe','2015-07-02 01:39:10','candelariajr',NULL,NULL),(95,'Small Grilled Chicken Salad',13,'Cascades Cafe','2015-07-02 01:39:10','candelariajr',NULL,NULL),(96,'Mountaineer Grill - Cheeseburger',100,'Sanford Commons','2015-07-02 01:45:37','wolcottjd',NULL,NULL),(97,'Mountaineer Grill - Double Cheeseburger',200,'Sanford Commons','2015-07-02 01:45:37','wolcottjd',NULL,NULL),(98,'Mountaineer Grill - Grilled Cheese',20,'Sanford Commons','2015-07-02 01:45:37','wolcottjd',NULL,NULL),(99,'Mountaineer Grill - Grilled Chicken',30,'Sanford Commons','2015-07-02 01:45:37','wolcottjd',NULL,NULL),(100,'Chick-Fil-A Grilled Market Salad',200,'Chick-Fil-A','2015-07-02 01:46:36','mooneysa',NULL,NULL),(101,'Chick-Fil-A Nuggets',300,'Chick-Fil-A','2015-07-02 01:46:36','mooneysa',NULL,NULL),(102,'Cheese Danish',10,'Sanford Commons','2015-07-02 01:48:09','fulkac',NULL,NULL),(103,'Carrot Cake',50,'Sanford Commons','2015-07-02 01:51:20','fulkac',NULL,NULL),(104,'Champagne Cake',50,'Sanford Commons','2015-07-02 01:51:20','fulkac',NULL,NULL),(105,'New York Style Cheesecake',20,'Sanford Commons','2015-07-02 02:31:45','fulkac',NULL,NULL),(106,'Triple Indulgence Chocolate Cheesecake',32,'Sanford Commons','2015-07-02 02:31:45','fulkac',NULL,NULL),(107,'Vanilla Cake with Chocolate Buttercream',54,'Sanford Commons','2015-07-02 02:31:45','fulkac',NULL,NULL),(108,'Vanilla Cupcake with Chocolate Buttercream',50,'Sanford Commons','2015-07-02 02:31:45','fulkac',NULL,NULL),(109,'Vanilla Cupcake with White Buttercream',50,'Sanford Commons','2015-07-02 02:31:45','fulkac',NULL,NULL),(110,'Wheat Bagel',50,'Sanford Commons','2015-07-02 02:31:45','fulkac',NULL,NULL),(111,'White Chocolate Macadamia Nut Cookie',505,'Sanford Commons','2015-07-02 02:31:45','fulkac',NULL,NULL),(112,'Yeast Roll',500,'Sanford Commons','2015-07-02 02:31:45','fulkac',NULL,NULL),(113,'Rivers Street Grille - Fried Chicken Breast Sandwich',400,'Rivers Street Cafe','2015-07-06 08:30:45','wallincr',NULL,NULL),(114,'Rivers Street Grille - Turkey Burger',100,'Rivers Street Cafe','2015-07-06 08:30:45','wallincr',NULL,NULL),(115,'Wrapps - Breakfast Burrito',200,'Rivers Street Cafe','2015-07-06 08:30:45','wallincr',NULL,NULL),(116,'Wrapps - Chicken Burrito',50,'Rivers Street Cafe','2015-07-06 08:30:45','wallincr',NULL,NULL),(117,'Wrapps - Fajita Chicken',30,'Rivers Street Cafe','2015-07-06 08:30:45','wallincr',NULL,NULL),(118,'Wrapps - Hungry App',40,'Rivers Street Cafe','2015-07-06 08:30:45','wallincr',NULL,NULL),(119,'Biscuit Chicken',40,'Sanford Commons','2015-07-06 08:35:12','',NULL,NULL),(120,'Chick-Fil-A Chicken Sandwich',100,'Chick-Fil-A','2015-07-06 08:36:20','mooneysa',NULL,NULL),(121,'Chick-Fil-A Grilled Market Salad',200,'Chick-Fil-A','2015-07-06 08:36:20','mooneysa',NULL,NULL),(122,'Chick-Fil-A Nuggets',300,'Chick-Fil-A','2015-07-06 08:36:20','mooneysa',NULL,NULL),(123,'Chick-Fil-A Chicken Sandwich',10,'Chick-Fil-A','2015-07-06 08:56:26','candelariajr',NULL,NULL),(124,'Chick-Fil-A Grilled Market Salad',10,'Chick-Fil-A','2015-07-06 08:56:26','candelariajr',NULL,NULL),(125,'Chick-Fil-A Nuggets',10,'Chick-Fil-A','2015-07-06 08:56:26','candelariajr',NULL,NULL),(126,'Chick-Fil-A Chicken Sandwich',30,'Chick-Fil-A','2015-07-06 08:57:58','candelariajr',NULL,NULL),(127,'Chick-Fil-A Grilled Market Salad',30,'Chick-Fil-A','2015-07-06 08:57:58','candelariajr',NULL,NULL),(128,'Chick-Fil-A Nuggets',30,'Chick-Fil-A','2015-07-06 08:57:58','candelariajr',NULL,NULL),(129,'Large Grilled Chicken Salad',50,'Cascades Cafe','2015-07-06 09:32:23','candelariajr',NULL,NULL),(130,'Vanilla Cake with White Buttercream',120,'Sanford Commons','2015-07-06 01:44:32','candelariajr',NULL,NULL),(131,'Vanilla Cupcake with Chocolate Buttercream',320,'Sanford Commons','2015-07-06 01:44:32','candelariajr',NULL,NULL),(132,'Rivers Street Grille - Blue Ridge Burger',40,'Rivers Street Cafe','2015-07-06 03:49:34','candelariajr',NULL,NULL),(133,'Rivers Street Grille - Buffalo Fried Chicken Sandwich',40,'Rivers Street Cafe','2015-07-06 03:49:34','candelariajr',NULL,NULL),(134,'Rivers Street Grille - Caribbean Jerk Chicken Sandwich',40,'Rivers Street Cafe','2015-07-06 03:49:34','candelariajr',NULL,NULL),(135,'Rivers Street Grille - Cheese Burger',40,'Rivers Street Cafe','2015-07-06 03:49:34','candelariajr',NULL,NULL),(136,'Rivers Street Grille - Fried Bologna Sandwich',4,'Rivers Street Cafe','2015-07-06 03:49:34','candelariajr',NULL,NULL),(137,'Rivers Street Grille - Fried Chicken Breast Sandwich',40,'Rivers Street Cafe','2015-07-06 03:49:34','candelariajr',NULL,NULL),(138,'Biscuit Country Ham',40,'Park Place Cafe','2015-07-06 05:01:35','candelariajr',NULL,NULL),(139,'Blueberry Bagel',40,'Park Place Cafe','2015-07-06 05:01:35','candelariajr',NULL,NULL),(140,'Chocolate Chunk Cookie',1,'Park Place Cafe','2015-07-06 05:01:35','candelariajr',NULL,NULL),(141,'English Muffin',23,'Park Place Cafe','2015-07-06 05:01:35','candelariajr',NULL,NULL),(142,'Hummus & Pita',23,'Park Place Cafe','2015-07-06 05:01:35','candelariajr',NULL,NULL),(143,'Iced Peanut Butter Brownie',100,'Park Place Cafe','2015-07-06 05:01:35','candelariajr',NULL,NULL),(144,'Red Velvet Cake with Cream Cheese Icing',100,'Park Place Cafe','2015-07-06 05:01:35','candelariajr',NULL,NULL),(145,'Mountaineer Grill - Cheeseburger',40,'Sanford Commons','2015-07-07 12:19:21','candelariajr',NULL,NULL),(146,'Mountaineer Grill - Double Cheeseburger',30,'Sanford Commons','2015-07-07 12:19:21','candelariajr',NULL,NULL),(147,'Mountaineer Grill - Grilled Cheese',20,'Sanford Commons','2015-07-07 12:19:21','candelariajr',NULL,NULL),(148,'Mountaineer Grill - Grilled Chicken',10,'Sanford Commons','2015-07-07 12:19:21','candelariajr',NULL,NULL),(149,'Mountaineer Grill - Spicy Chicken',10,'Sanford Commons','2015-07-07 12:19:21','candelariajr',NULL,NULL),(150,'Mountaineer Grill - Cheeseburger',40,'Sanford Commons','2015-07-08 08:07:47','candelariajr',NULL,NULL),(151,'Mountaineer Grill - Grilled Cheese',30,'Sanford Commons','2015-07-08 08:07:47','candelariajr',NULL,NULL),(152,'Mountaineer Grill - Spicy Chicken',20,'Sanford Commons','2015-07-08 08:07:47','candelariajr',NULL,NULL),(153,'Large Garden Salad',30,'Cascades Cafe','2015-07-08 08:15:11','candelariajr',NULL,NULL),(154,'Small Garden Salad',30,'Cascades Cafe','2015-07-08 08:15:11','candelariajr',NULL,NULL),(155,'Tortilla Chips',30,'Cascades Cafe','2015-07-08 08:15:11','candelariajr',NULL,NULL),(156,'Rivers Street Grille - Blue Ridge Burger',200,'Rivers Street Cafe','2015-07-08 09:00:58','brandonhy',NULL,NULL),(157,'Rivers Street Grille - Cheese Burger',100,'Rivers Street Cafe','2015-07-08 09:00:58','brandonhy',NULL,NULL),(158,'Rivers Street Grille - Grilled Cheese',200,'Rivers Street Cafe','2015-07-08 09:00:58','brandonhy',NULL,NULL),(159,'Rivers Street Grille - Grilled Ham & Cheese',100,'Rivers Street Cafe','2015-07-08 09:00:58','brandonhy',NULL,NULL),(160,'Rivers Street Grille - Spicy Chicken Breast Sandwich',200,'Rivers Street Cafe','2015-07-08 09:00:58','brandonhy',NULL,NULL),(161,'Wrapps - Beef Burrito',20,'Rivers Street Cafe','2015-07-08 09:00:58','brandonhy',NULL,NULL),(162,'Wrapps - Breakfast Burrito',40,'Rivers Street Cafe','2015-07-08 09:00:58','brandonhy',NULL,NULL),(163,'Wrapps - Chicken Burrito',40,'Rivers Street Cafe','2015-07-08 09:00:58','brandonhy',NULL,NULL),(164,'Wrapps - Chicken Caesar',40,'Rivers Street Cafe','2015-07-08 09:00:58','brandonhy',NULL,NULL),(165,'Wrapps - El Wingnut',40,'Rivers Street Cafe','2015-07-08 09:00:58','brandonhy',NULL,NULL),(166,'Mountaineer Grill - Cheeseburger',50,'Sanford Commons','2015-07-08 10:09:47','candelariajr',NULL,NULL),(167,'Mountaineer Grill - Grilled Cheese',50,'Sanford Commons','2015-07-08 10:09:47','candelariajr',NULL,NULL),(168,'Mountaineer Grill - Spicy Chicken',100,'Sanford Commons','2015-07-08 10:09:47','candelariajr',NULL,NULL),(169,'Large Grilled Chicken Salad',40,'Cascades Cafe','2015-07-08 11:50:29','candelariajr',NULL,NULL),(170,'Small Chicken Caesar Salad',40,'Cascades Cafe','2015-07-08 11:50:29','candelariajr',NULL,NULL),(171,'Small Garden Salad',30,'Cascades Cafe','2015-07-08 11:50:29','candelariajr',NULL,NULL),(172,'Small Grilled Chicken Salad',100,'Cascades Cafe','2015-07-08 11:50:29','candelariajr',NULL,NULL),(173,'Tortilla Chips',100,'Cascades Cafe','2015-07-08 11:50:29','candelariajr',NULL,NULL),(174,'Mountaineer Grill - Grilled Cheese',100,'Sanford Commons','2015-07-09 08:43:43','candelariajr',NULL,NULL),(175,'Mountaineer Grill - Grilled Chicken',300,'Sanford Commons','2015-07-09 08:43:43','candelariajr',NULL,NULL),(176,'Mountaineer Grill - Spicy Chicken',200,'Sanford Commons','2015-07-09 08:43:43','candelariajr',NULL,NULL),(177,'Chocolate Cake with Dark Chocolate Icing',100,'Cascades Cafe','2015-07-09 08:44:10','candelariajr',NULL,NULL),(178,'Chocolate Croissant',300,'Cascades Cafe','2015-07-09 08:44:10','candelariajr',NULL,NULL),(179,'Cinnamon Raisin Bagel',100,'Cascades Cafe','2015-07-09 08:44:10','candelariajr',NULL,NULL),(180,'Croissant',100,'Cascades Cafe','2015-07-09 08:44:10','candelariajr',NULL,NULL),(181,'Rivers Street Grille - Fried Bologna Sandwich',100,'Rivers Street Cafe','2015-07-09 09:06:42','candelariajr',NULL,NULL),(182,'Wrapps - Beef Burrito',100,'Rivers Street Cafe','2015-07-09 09:06:42','candelariajr',1,NULL),(183,'Wrapps - Breakfast Burrito',100,'Rivers Street Cafe','2015-07-09 09:06:42','candelariajr',2,NULL),(184,'Wrapps - El Wingnut',100,'Rivers Street Cafe','2015-07-09 09:06:42','candelariajr',3,NULL),(185,'Wrapps - Mountaineer Wrap',50,'Rivers Street Cafe','2015-07-09 09:06:42','candelariajr',4,NULL),(186,'Chick-Fil-A Chicken Sandwich',20,'Chick-Fil-A','2015-07-13 01:24:27','mooneysa',NULL,'0'),(187,'Chick-Fil-A Grilled Market Salad',20,'Chick-Fil-A','2015-07-13 01:24:27','mooneysa',NULL,'0'),(188,'Chick-Fil-A Nuggets',20,'Chick-Fil-A','2015-07-13 01:24:27','mooneysa',NULL,'0'),(189,'Large Chicken Caesar Salad',40,'Cascades Cafe','2015-07-15 01:07:00','candelariajr',NULL,'0'),(190,'Large Grilled Chicken Salad',22,'Cascades Cafe','2015-07-15 01:07:00','candelariajr',NULL,'0'),(191,'Small Garden Salad',30,'Cascades Cafe','2015-07-15 01:07:00','candelariajr',NULL,'0'),(192,'Apple Turnover',2,'Rivers Street Cafe','2015-07-16 09:04:30','brandonhy',NULL,'0'),(193,'Large Chicken Caesar Salad',40,'Cascades Cafe','2015-07-16 09:43:48','candelariajr',NULL,'0'),(194,'Small Chicken Caesar Salad',30,'Cascades Cafe','2015-07-16 09:43:48','candelariajr',NULL,'0'),(195,'Jerps',4,'Bob\'s Burgers','0000-00-00 00:00:00','Herpio',5,'0'),(196,'Herps',5,'Derpo\'s Dobo','0000-00-00 00:00:00','Herpio',5,'0'),(197,'Jerps',4,'Bob\'s Burgers','0000-00-00 00:00:00','Herpio',6,'0'),(198,'Herps',5,'Derpo\'s Dobo','0000-00-00 00:00:00','Herpio',20,'0'),(199,'Jerps',4,'Bob\'s Burgers','0000-00-00 00:00:00','Herpio',7,'0'),(200,'Herps',5,'Derpo\'s Dobo','0000-00-00 00:00:00','Herpio',7,'0'),(201,'Jerps',4,'Bob\'s Burgers','0000-00-00 00:00:00','Herpio',8,'0'),(202,'Jerps',4,'Bob\'s Burgers','0000-00-00 00:00:00','Herpio',9,'0'),(203,'Jerps',4,'Bob\'s Burgers','0000-00-00 00:00:00','Herpio',10,'0'),(204,'Jerps',4,'Bob\'s Burgers','0000-00-00 00:00:00','Herpio',11,'0'),(205,'Jerps',4,'Bob\'s Burgers','0000-00-00 00:00:00','Herpio',12,'0'),(206,'Jerps',4,'Bob\'s Burgers','0000-00-00 00:00:00','Herpio',13,'0'),(207,'Jerps',4,'Bob\'s Burgers','0000-00-00 00:00:00','Herpio',14,'0'),(208,'Jerps',4,'Bob\'s Burgers','0000-00-00 00:00:00','Herpio',15,'0'),(209,'Jerps',4,'Bob\'s Burgers','0000-00-00 00:00:00','Herpio',16,'0'),(210,'Jerps',4,'Bob\'s Burgers','0000-00-00 00:00:00','Herpio',17,'0'),(211,'Jerps',4,'Bob\'s Burgers','0000-00-00 00:00:00','Herpio',18,'0'),(212,'Jerps',4,'Bob\'s Burgers','0000-00-00 00:00:00','Herpio',19,'0'),(213,'Jerps',4,'Bob\'s Burgers','0000-00-00 00:00:00','Herpio',20,'0'),(214,'Herps',5,'Derpo\'s Dobo','0000-00-00 00:00:00','Herpio',18,'0'),(215,'Biscuit Chicken',12,'Sanford Commons','2015-07-22 06:11:52','candelariajr',NULL,'0'),(216,'Biscuit Steak',1,'Sanford Commons','2015-07-22 06:11:52','candelariajr',NULL,'0'),(217,'Generic Allergen',4,'Sanford Commons','2015-07-22 06:11:52','candelariajr',NULL,'0'),(218,'French Apple Pie',5,'Rivers Street Cafe','2015-07-22 06:19:24','candelariajr',NULL,'0'),(219,'Mounds Cake',5,'Rivers Street Cafe','2015-07-22 06:19:24','candelariajr',NULL,'0'),(220,'Rum Pound Cake',44,'Rivers Street Cafe','2015-07-22 06:19:24','candelariajr',NULL,'0'),(221,'Strawberry Nut Bread',1,'Rivers Street Cafe','2015-07-22 06:19:24','candelariajr',NULL,'0'),(222,'Vanilla Cake with White Buttercream',12,'Rivers Street Cafe','2015-07-22 06:19:24','candelariajr',NULL,'0'),(223,'Chick-Fil-A Grilled Market Salad',40,'Chick-Fil-A','2015-07-23 02:41:26','candelariajr',NULL,'0'),(224,'Chick-Fil-A Grilled Market Salad',40,'Chick-Fil-A','2015-07-23 02:42:30','candelariajr',NULL,'0'),(225,'Chick-Fil-A Grilled Market Salad',40,'Chick-Fil-A','2015-07-23 02:43:26','candelariajr',NULL,'0'),(226,'Chick-Fil-A Grilled Market Salad',40,'Chick-Fil-A','2015-07-23 03:01:12','candelariajr',NULL,'0'),(227,'Chick-Fil-A Grilled Market Salad',40,'Chick-Fil-A','2015-07-23 03:06:18','candelariajr',NULL,'0'),(228,'Chick-Fil-A Grilled Market Salad',40,'Chick-Fil-A','2015-07-23 03:06:42','candelariajr',NULL,'0'),(229,'Chick-Fil-A Grilled Market Salad',40,'Chick-Fil-A','2015-07-23 03:07:23','candelariajr',NULL,'0'),(230,'Chick-Fil-A Grilled Market Salad',40,'Chick-Fil-A','2015-07-23 03:08:24','candelariajr',NULL,'0'),(231,'Chick-Fil-A Grilled Market Salad',40,'Chick-Fil-A','2015-07-23 03:10:13','candelariajr',NULL,'0'),(232,'Chick-Fil-A Grilled Market Salad',40,'Chick-Fil-A','2015-07-23 03:10:31','candelariajr',NULL,'0'),(233,'Chick-Fil-A Grilled Market Salad',40,'Chick-Fil-A','2015-07-23 03:29:47','candelariajr',NULL,'0'),(234,'Chick-Fil-A Grilled Market Salad',40,'Chick-Fil-A','2015-07-23 03:44:19','candelariajr',NULL,'0'),(235,'Chick-Fil-A Grilled Market Salad',40,'Chick-Fil-A','2015-07-23 03:45:19','candelariajr',NULL,'0'),(236,'Chick-Fil-A Grilled Market Salad',40,'Chick-Fil-A','2015-07-23 03:46:36','candelariajr',NULL,'0'),(237,'Chick-Fil-A Grilled Market Salad',40,'Chick-Fil-A','2015-07-23 03:46:55','candelariajr',NULL,'0'),(238,'Chick-Fil-A Grilled Market Salad',40,'Chick-Fil-A','2015-07-23 04:11:38','candelariajr',NULL,'0'),(239,'Chick-Fil-A Grilled Market Salad',40,'Chick-Fil-A','2015-07-23 04:27:58','candelariajr',1,'0'),(240,'Chick-Fil-A Grilled Market Salad',40,'Chick-Fil-A','2015-07-23 04:30:02','candelariajr',1,'0'),(241,'Chick-Fil-A Grilled Market Salad',40,'Chick-Fil-A','2015-07-23 04:34:04','candelariajr',NULL,'0'),(242,'Chick-Fil-A Grilled Market Salad',40,'Chick-Fil-A','2015-07-23 04:34:16','candelariajr',NULL,'0'),(243,'Chick-Fil-A Grilled Market Salad',40,'Chick-Fil-A','2015-07-23 04:34:44','candelariajr',NULL,'0'),(244,'Chick-Fil-A Grilled Market Salad',40,'Chick-Fil-A','2015-07-23 04:35:39','candelariajr',NULL,'0'),(245,'Chick-Fil-A Grilled Market Salad',40,'Chick-Fil-A','2015-07-23 04:37:09','candelariajr',NULL,'0'),(246,'Chick-Fil-A Grilled Market Salad',40,'Chick-Fil-A','2015-07-23 04:37:34','candelariajr',NULL,'0'),(247,'Chick-Fil-A Grilled Market Salad',40,'Chick-Fil-A','2015-07-23 04:38:56','candelariajr',NULL,'0'),(248,'Chick-Fil-A Grilled Market Salad',40,'Chick-Fil-A','2015-07-23 04:39:30','candelariajr',NULL,'0'),(249,'Chick-Fil-A Grilled Market Salad',40,'Chick-Fil-A','2015-07-23 04:39:55','candelariajr',NULL,'0'),(250,'Chick-Fil-A Grilled Market Salad',40,'Chick-Fil-A','2015-07-23 04:40:57','candelariajr',21,'1'),(251,'Mountaineer Grill - Cheeseburger',44,'Sanford Commons','2015-07-23 04:42:40','candelariajr',22,'1'),(252,'Mountaineer Grill - Double Cheeseburger',1,'Sanford Commons','2015-07-23 04:42:40','candelariajr',22,'1'),(253,'Mountaineer Grill - Grilled Cheese',12,'Sanford Commons','2015-07-23 04:42:40','candelariajr',22,'1'),(254,'Mountaineer Grill - Grilled Chicken',31,'Sanford Commons','2015-07-23 04:42:40','candelariajr',22,'1'),(255,'Large Chicken Caesar Salad',10,'Cascades Cafe','2015-07-23 05:29:10','candelariajr',22,'1'),(256,'Large Garden Salad',4,'Cascades Cafe','2015-07-23 05:29:10','candelariajr',22,'1'),(257,'Large Grilled Chicken Salad',1,'Cascades Cafe','2015-07-23 05:29:10','candelariajr',22,'1'),(258,'Pasta Salad',2,'Cascades Cafe','2015-07-23 05:29:10','candelariajr',22,'1'),(259,'Small Chicken Caesar Salad',3,'Cascades Cafe','2015-07-23 05:29:10','candelariajr',22,'1'),(260,'Small Garden Salad',6,'Cascades Cafe','2015-07-23 05:29:10','candelariajr',22,'1'),(261,'Biscuit Country Ham',1,'Park Place Cafe','2015-07-23 05:29:38','candelariajr',22,'1'),(262,'Biscuit Steak',3,'Park Place Cafe','2015-07-23 05:29:38','candelariajr',22,'1'),(263,'Egg & Cheese on Plain Bagel',4,'Park Place Cafe','2015-07-23 05:29:38','candelariajr',22,'1'),(264,'Hummus & Pita',1,'Park Place Cafe','2015-07-23 05:29:38','candelariajr',22,'1'),(265,'Sausage, Egg & Cheese on Everything Bagel',1,'Park Place Cafe','2015-07-23 05:29:38','candelariajr',22,'1'),(266,'Three Cheese Dip & Tortilla Chips',1,'Park Place Cafe','2015-07-23 05:29:38','candelariajr',22,'1'),(267,'Tropical Fruit Salad',1,'Park Place Cafe','2015-07-23 05:29:38','candelariajr',22,'1'),(268,'Rivers Street Grille - Blue Ridge Cheeseburger',1,'Rivers Street Cafe','2015-07-23 05:30:05','candelariajr',22,'1'),(269,'Rivers Street Grille - Buffalo Fried Chicken Sandwich',1,'Rivers Street Cafe','2015-07-23 05:30:05','candelariajr',22,'1'),(270,'Rivers Street Grille - Cheese Burger',2,'Rivers Street Cafe','2015-07-23 05:30:05','candelariajr',22,'1'),(271,'Rivers Street Grille - Grilled Cheese',3,'Rivers Street Cafe','2015-07-23 05:30:05','candelariajr',22,'1'),(272,'Rivers Street Grille - Hot Dog',1,'Rivers Street Cafe','2015-07-23 05:30:05','candelariajr',22,'1'),(273,'Rivers Street Grille - Mushroom Swiss Burger',1,'Rivers Street Cafe','2015-07-23 05:30:05','candelariajr',22,'1'),(274,'Rivers Street Grille - Spicy Chicken Breast Sandwich',1,'Rivers Street Cafe','2015-07-23 05:30:05','candelariajr',22,'1'),(275,'Rivers Street Grille - Turkey Burger',2,'Rivers Street Cafe','2015-07-23 05:30:05','candelariajr',22,'1'),(276,'Biscuit Country Ham',1,'Sanford Commons','2015-07-23 05:32:04','candelariajr',23,'1'),(277,'Biscuit Sausage',4,'Sanford Commons','2015-07-23 05:32:04','candelariajr',23,'1'),(278,'Biscuit Steak',3,'Sanford Commons','2015-07-23 05:32:04','candelariajr',23,'1'),(279,'Egg & Cheese on Everything Bagel',3,'Sanford Commons','2015-07-23 05:32:04','candelariajr',23,'1'),(280,'Egg & Cheese on Plain Bagel',4,'Sanford Commons','2015-07-23 05:32:04','candelariajr',23,'1'),(281,'Mountaineer Grill - Cheeseburger',1,'Sanford Commons','2015-07-23 05:33:07','candelariajr',24,'1'),(282,'Mountaineer Grill - Double Cheeseburger',4,'Sanford Commons','2015-07-23 05:33:07','candelariajr',24,'1'),(283,'Mountaineer Grill - Grilled Cheese',3,'Sanford Commons','2015-07-23 05:33:07','candelariajr',24,'1'),(284,'Large Chicken Caesar Salad',1,'Cascades Cafe','2015-07-23 05:33:26','candelariajr',25,'1'),(285,'Large Garden Salad',2,'Cascades Cafe','2015-07-23 05:33:26','candelariajr',25,'1'),(286,'Large Grilled Chicken Salad',3,'Cascades Cafe','2015-07-23 05:33:26','candelariajr',25,'1'),(287,'Pasta Salad',4,'Cascades Cafe','2015-07-23 05:33:26','candelariajr',25,'1'),(288,'Small Garden Salad',4,'Cascades Cafe','2015-07-23 05:33:26','candelariajr',25,'1'),(289,'Tortilla Chips',4,'Cascades Cafe','2015-07-23 05:33:26','candelariajr',25,'1'),(290,'Banana Nut Bread',4,'Sanford Commons','2015-07-23 05:33:59','candelariajr',26,'1'),(291,'Carrot Cake',1,'Sanford Commons','2015-07-23 05:33:59','candelariajr',26,'1'),(292,'Cherry Pie',2,'Sanford Commons','2015-07-23 05:33:59','candelariajr',26,'1'),(293,'Chocolate Cake with Dark Chocolate Icing',4,'Sanford Commons','2015-07-23 05:33:59','candelariajr',26,'1'),(294,'Chocolate Croissant',2,'Sanford Commons','2015-07-23 05:33:59','candelariajr',26,'1'),(295,'Chocolate Cupcake with White Buttercream',3,'Sanford Commons','2015-07-23 05:33:59','candelariajr',26,'1'),(296,'Cocoa Rice Krispies Treat',4,'Sanford Commons','2015-07-23 05:33:59','candelariajr',26,'1'),(297,'English Muffin',5,'Sanford Commons','2015-07-23 05:33:59','candelariajr',26,'1'),(298,'Chick-Fil-A Grilled Market Salad',2,'Chick-Fil-A','2015-07-23 05:52:59','candelariajr',27,'1'),(299,'Chick-Fil-A Nuggets',2,'Chick-Fil-A','2015-07-23 05:52:59','candelariajr',27,'1'),(300,'Mountaineer Grill - Double Cheeseburger',5,'Sanford Commons','2015-07-23 05:53:20','candelariajr',28,'1'),(301,'Mountaineer Grill - Grilled Chicken',20,'Sanford Commons','2015-07-24 01:04:27','candelariajr',29,'1'),(302,'Chick-Fil-A Chicken Sandwich',10,'Chick-Fil-A','2015-07-24 01:04:49','candelariajr',30,'1'),(303,'Apple Pie',1,'Sanford Commons','2015-07-24 01:05:18','candelariajr',31,'1'),(304,'Banana Nut Bread',4,'Sanford Commons','2015-07-24 01:05:18','candelariajr',31,'1'),(305,'Champagne Cake',2,'Sanford Commons','2015-07-24 01:05:18','candelariajr',31,'1'),(306,'Cherry Pie',4,'Sanford Commons','2015-07-24 01:05:18','candelariajr',31,'1'),(307,'Chocolate Cake with Dark Chocolate Icing',2,'Sanford Commons','2015-07-24 01:05:18','candelariajr',31,'1'),(308,'Chocolate Croissant',1,'Sanford Commons','2015-07-24 01:05:18','candelariajr',31,'1'),(309,'Chocolate Pound Cake with Chocolate Glaze',3,'Sanford Commons','2015-07-24 01:05:18','candelariajr',31,'1'),(310,'Mountaineer Grill - Cheeseburger',40,'Sanford Commons','2015-07-30 10:32:10','candelariajr',32,'1'),(311,'Mountaineer Grill - Grilled Chicken',20,'Sanford Commons','2015-07-30 10:32:10','candelariajr',32,'1'),(312,'Bacon, Egg & Cheese on Everything Bagel',1,'Sanford Commons','2015-07-30 10:35:10','candelariajr',33,'0'),(313,'Bacon, Egg & Cheese on Plain Bagel',2,'Sanford Commons','2015-07-30 10:35:10','candelariajr',33,'0'),(314,'Biscuit Chicken',3,'Sanford Commons','2015-07-30 10:35:10','candelariajr',33,'0'),(315,'Biscuit Country Ham',4,'Sanford Commons','2015-07-30 10:35:10','candelariajr',33,'0'),(316,'Biscuit Sausage',5,'Sanford Commons','2015-07-30 10:35:10','candelariajr',33,'0'),(317,'Biscuit Steak',6,'Sanford Commons','2015-07-30 10:35:10','candelariajr',33,'0'),(318,'Egg & Cheese on Everything Bagel',4,'Sanford Commons','2015-07-30 10:35:10','candelariajr',33,'0'),(319,'Wrapps - BLT',1,'Rivers Street Cafe','2015-07-30 10:37:40','candelariajr',34,'0'),(320,'Wrapps - Breakfast Burrito',1,'Rivers Street Cafe','2015-07-30 10:37:40','candelariajr',34,'0'),(321,'Wrapps - Chicken Burrito',1,'Rivers Street Cafe','2015-07-30 10:37:40','candelariajr',34,'0'),(322,'Wrapps - Chicken Caesar',1,'Rivers Street Cafe','2015-07-30 10:37:40','candelariajr',34,'0'),(323,'Wrapps - El Wingnut',1,'Rivers Street Cafe','2015-07-30 10:37:40','candelariajr',34,'0'),(324,'Wrapps - Chicken Burrito',4,'Rivers Street Cafe','2015-07-30 10:38:55','candelariajr',35,'0'),(325,'Wrapps - Chicken Caesar',4,'Rivers Street Cafe','2015-07-30 10:38:55','candelariajr',35,'0'),(326,'Wrapps - El Wingnut',4,'Rivers Street Cafe','2015-07-30 10:38:55','candelariajr',35,'0'),(327,'Wrapps - Fajita Chicken',4,'Rivers Street Cafe','2015-07-30 10:38:55','candelariajr',35,'0'),(328,'Mountaineer Grill - Cheeseburger',2,'Sanford Commons','2015-08-10 03:07:03','candelariajr',36,'0'),(329,'Mountaineer Grill - Grilled Cheese',45,'Sanford Commons','2015-08-10 03:07:03','candelariajr',36,'0'),(330,'Mountaineer Grill - Spicy Chicken',2,'Sanford Commons','2015-08-10 03:07:03','candelariajr',36,'0'),(331,'Chick-Fil-A Chicken Sandwich',4,'Chick-Fil-A','2015-08-18 04:14:39','candelariajr',37,'0'),(332,'Chick-Fil-A Grilled Market Salad',3,'Chick-Fil-A','2015-08-18 04:14:39','candelariajr',37,'0'),(333,'Biscuit Chicken',4,'Sanford Commons','2015-08-18 04:18:54','candelariajr',38,'0'),(334,'Biscuit Country Ham',3,'Sanford Commons','2015-08-18 04:18:54','candelariajr',38,'0'),(335,'Biscuit Steak',3,'Sanford Commons','2015-08-18 04:18:54','candelariajr',38,'0'),(336,'Egg & Cheese on Everything Bagel',3,'Sanford Commons','2015-08-18 04:18:54','candelariajr',38,'0'),(337,'Egg & Cheese on Plain Bagel',3,'Sanford Commons','2015-08-18 04:18:54','candelariajr',38,'0'),(338,'Mountaineer Grill - Cheeseburger',4,'Sanford Commons','2015-08-18 04:37:32','candelariajr',39,'0'),(339,'Mountaineer Grill - Grilled Cheese',3,'Sanford Commons','2015-08-18 04:37:32','candelariajr',39,'0'),(340,'Mountaineer Grill - Bacon Cheeseburger',2,'Sanford Commons','2015-09-11 08:07:13','candelariajr',40,'0'),(341,'Mountaineer Grill - Double Cheeseburger',3,'Sanford Commons','2015-09-11 08:07:13','candelariajr',40,'0'),(342,'Mountaineer Grill - Grilled Cheese',1,'Sanford Commons','2015-09-11 08:07:13','candelariajr',40,'0'),(343,'Mountaineer Grill - Bacon Cheeseburger',1,'Sanford Commons','2015-09-11 09:34:05','candelariajr',NULL,'0'),(344,'Mountaineer Grill - Grilled Cheese',3,'Sanford Commons','2015-09-11 09:34:05','candelariajr',NULL,'0'),(345,'Mountaineer Grill - Grilled Chicken',1,'Sanford Commons','2015-09-11 09:34:05','candelariajr',NULL,'0'),(346,'Mountaineer Grill - Spicy Chicken',1,'Sanford Commons','2015-09-11 09:34:05','candelariajr',NULL,'0'),(347,'Sausage, Egg & Cheese on Everything Bagel',2,'Sanford Commons','2015-09-11 09:34:05','candelariajr',NULL,'0'),(348,'Sausage, Egg & Cheese on Plain Bagel',1,'Sanford Commons','2015-09-11 09:34:05','candelariajr',NULL,'0'),(349,'Tropical Fruit Salad',21,'Sanford Commons','2015-09-11 09:34:05','candelariajr',NULL,'0'),(350,'Chick-Fil-A Grilled Market Salad',1,'Chick-Fil-A','2015-09-14 04:15:40','candelariajr',41,'0'),(351,'Chick-Fil-A Nuggets',2,'Chick-Fil-A','2015-09-14 04:15:40','candelariajr',41,'0'),(352,'Ham Croissant',21,'Park Place Cafe','2015-09-14 04:16:42','candelariajr',42,'0'),(353,'Park Place Pimento Cheese',2,'Park Place Cafe','2015-09-14 04:16:42','candelariajr',42,'0'),(354,'Park place Spinach Dip',2,'Park Place Cafe','2015-09-14 04:16:42','candelariajr',42,'0'),(355,'Peaches with Cottage Cheese',2,'Park Place Cafe','2015-09-14 04:16:42','candelariajr',42,'0'),(356,'Pita Bread',2,'Park Place Cafe','2015-09-14 04:16:42','candelariajr',42,'0'),(357,'Turkey Croissant',2,'Park Place Cafe','2015-09-14 04:16:42','candelariajr',42,'0'),(358,'Mountaineer Grill - Cheeseburger',81,'Sanford Commons','2015-09-14 04:26:36','candelariajr',43,'0'),(359,'Mountaineer Grill - Double Cheeseburger',2,'Sanford Commons','2015-09-14 04:26:36','candelariajr',43,'0'),(360,'Mountaineer Grill - Grilled Cheese',2,'Sanford Commons','2015-09-14 04:26:36','candelariajr',43,'0'),(361,'Mountaineer Grill - Grilled Chicken',132,'Sanford Commons','2015-09-14 04:26:36','candelariajr',43,'0'),(362,'Mountaineer Grill - Spicy Chicken',1,'Sanford Commons','2015-09-14 04:26:36','candelariajr',43,'0'),(363,'Mountaineer Grill - Double Cheeseburger',1,'Sanford Commons','2015-09-14 04:28:37','candelariajr',44,'0'),(364,'Mountaineer Grill - Grilled Cheese',1,'Sanford Commons','2015-09-14 04:28:37','candelariajr',44,'0'),(365,'Mountaineer Grill - Grilled Chicken',1,'Sanford Commons','2015-09-14 04:28:37','candelariajr',44,'0'),(366,'Mountaineer Grill - Spicy Chicken',1,'Sanford Commons','2015-09-14 04:28:37','candelariajr',44,'0'),(367,'Chipotle Turkey Wrap',2,'Cascades Cafe','2015-09-16 02:40:20','candelariajr',45,'0'),(368,'Hummus ',2,'Cascades Cafe','2015-09-16 02:40:20','candelariajr',45,'0'),(369,'Large Chicken Caesar Salad',3,'Cascades Cafe','2015-09-16 02:40:20','candelariajr',45,'0'),(370,'Large Garden Salad',1,'Cascades Cafe','2015-09-16 02:40:20','candelariajr',45,'0'),(371,'Pasta Salad',13,'Cascades Cafe','2015-09-16 02:40:20','candelariajr',45,'0'),(372,'Small Chicken Caesar Salad',3,'Cascades Cafe','2015-09-16 02:40:20','candelariajr',45,'0'),(373,'Small Garden Salad',1,'Cascades Cafe','2015-09-16 02:40:20','candelariajr',45,'0'),(374,'Small Grilled Chicken Salad',1,'Cascades Cafe','2015-09-16 02:40:20','candelariajr',45,'0'),(375,'Hummus ',2,'Cascades Cafe','2015-09-17 02:21:14','candelariajr',46,'0'),(376,'Large Grilled Chicken Salad',3,'Cascades Cafe','2015-09-17 02:21:14','candelariajr',46,'0'),(377,'Small Chicken Caesar Salad',1,'Cascades Cafe','2015-09-17 02:21:14','candelariajr',46,'0'),(378,'Biscuit Country Ham',3,'Cascades Cafe','2015-09-17 02:25:07','candelariajr',47,'0'),(379,'Biscuit Sausage',1,'Cascades Cafe','2015-09-17 02:25:07','candelariajr',47,'0'),(380,'Biscuit Steak',2,'Cascades Cafe','2015-09-17 02:25:07','candelariajr',47,'0'),(381,'Egg & Cheese on Plain Bagel',21,'Cascades Cafe','2015-09-17 02:25:07','candelariajr',47,'0'),(382,'Generic Allergen',12,'Cascades Cafe','2015-09-17 02:25:07','candelariajr',47,'0'),(383,'Granola',2,'Cascades Cafe','2015-09-17 02:25:07','candelariajr',47,'0'),(384,'Hummus & Pita',1,'Cascades Cafe','2015-09-17 02:25:07','candelariajr',47,'0'),(385,'Biscuit Chicken',1,'Sanford Commons','2015-09-17 02:26:21','candelariajr',48,'0'),(386,'Biscuit Steak',21,'Sanford Commons','2015-09-17 02:26:21','candelariajr',48,'0'),(387,'Egg & Cheese on Everything Bagel',22,'Sanford Commons','2015-09-17 02:26:21','candelariajr',48,'0'),(388,'Generic Allergen',2,'Sanford Commons','2015-09-17 02:26:21','candelariajr',48,'0'),(389,'Granola',2,'Sanford Commons','2015-09-17 02:26:21','candelariajr',48,'0'),(390,'Hummus & Pita',2,'Sanford Commons','2015-09-17 02:26:21','candelariajr',48,'0'),(391,'Glazed Yeast Donut',2,'Rivers Street Cafe','2015-09-17 03:43:42','wallincr',49,'0'),(392,'Iced Chocolate Brownie',5,'Rivers Street Cafe','2015-09-17 03:43:42','wallincr',49,'0'),(393,'Strawberry Pie',6,'Rivers Street Cafe','2015-09-17 03:43:42','wallincr',49,'0'),(394,'Triple Indulgence Chocolate Cheesecake',5,'Rivers Street Cafe','2015-09-17 03:43:42','wallincr',49,'0'),(395,'Vanilla Cake with Chocolate Buttercream',2,'Rivers Street Cafe','2015-09-17 03:43:42','wallincr',49,'0'),(396,'Wheat Demi Roll',40,'Rivers Street Cafe','2015-09-17 03:43:42','wallincr',49,'0'),(397,'Angel Food Cake',2,'Rivers Street Cafe','2015-09-17 04:06:20','brandonhy',50,'0'),(398,'Biscuit Country Ham',1,'Sanford Commons','2015-09-17 04:21:30','candelariajr',51,'0'),(399,'Biscuit Sausage',2,'Sanford Commons','2015-09-17 04:21:30','candelariajr',51,'0'),(400,'Egg & Cheese on Everything Bagel',2,'Sanford Commons','2015-09-17 04:21:30','candelariajr',51,'0'),(401,'Generic Allergen',2,'Sanford Commons','2015-09-17 04:21:30','candelariajr',51,'0'),(402,'Hummus & Pita',1,'Sanford Commons','2015-09-17 04:21:30','candelariajr',51,'0'),(403,'Biscuit Chicken',1,'Sanford Commons','2015-09-17 04:24:36','candelariajr',52,'0'),(404,'Biscuit Country Ham',3,'Sanford Commons','2015-09-17 04:24:36','candelariajr',52,'0'),(405,'Biscuit Sausage',3,'Sanford Commons','2015-09-17 04:24:36','candelariajr',52,'0'),(406,'Biscuit Steak',2,'Sanford Commons','2015-09-17 04:24:36','candelariajr',52,'0'),(407,'Egg & Cheese on Everything Bagel',2,'Sanford Commons','2015-09-17 04:24:36','candelariajr',52,'0'),(408,'Chick-Fil-A Grilled Market Salad',1,'Chick-Fil-A','2015-09-17 04:32:33','candelariajr',53,'0'),(409,'Chick-Fil-A Nuggets',2,'Chick-Fil-A','2015-09-17 04:32:33','candelariajr',53,'0'),(410,'Chick-Fil-A Grilled Market Salad',1,'Chick-Fil-A','2015-09-17 04:34:42','candelariajr',54,'0'),(411,'Chick-Fil-A Grilled Market Salad',1,'Chick-Fil-A','2015-09-17 04:36:22','candelariajr',55,'0'),(412,'Biscuit Chicken',1,'','2015-09-17 04:41:11','',56,'0'),(413,'Biscuit Country Ham',3,'','2015-09-17 04:41:11','',56,'0'),(414,'Biscuit Sausage',3,'','2015-09-17 04:41:11','',56,'0'),(415,'Biscuit Steak',2,'','2015-09-17 04:41:11','',56,'0'),(416,'Egg & Cheese on Everything Bagel',2,'','2015-09-17 04:41:11','',56,'0'),(417,'Angel Food Cake',2,'Rivers Street Cafe','2015-09-18 08:46:28','brandonhy',57,'0'),(418,'Bavarian Crème Filled Donut',2,'Rivers Street Cafe','2015-09-18 08:46:28','brandonhy',57,'0'),(419,'Champagne Cake',2,'Rivers Street Cafe','2015-09-18 08:46:28','brandonhy',57,'0'),(420,'Chocolate Glazed White Cream Filled Donut',2,'Rivers Street Cafe','2015-09-18 08:46:28','brandonhy',57,'0'),(421,'Granola Bar',2,'Rivers Street Cafe','2015-09-18 08:46:28','brandonhy',57,'0'),(422,'Lemon Filled Donut',2,'Rivers Street Cafe','2015-09-18 08:46:28','brandonhy',57,'0'),(423,'Plain Bagel',2,'Rivers Street Cafe','2015-09-18 08:46:28','brandonhy',57,'0'),(424,'Rice Krispies Treat',2,'Rivers Street Cafe','2015-09-18 08:46:28','brandonhy',57,'0'),(425,'Rivers Street Grille - Bacon Cheeseburger',2,'Rivers Street Cafe','2015-09-18 08:46:28','brandonhy',57,'0'),(426,'Rivers Street Grille - Blue Ridge Burger',2,'Rivers Street Cafe','2015-09-18 08:46:28','brandonhy',57,'0'),(427,'Small Peanut Butter Cookie',2,'Rivers Street Cafe','2015-09-18 08:46:28','brandonhy',57,'0'),(428,'Wheat Demi Roll',2,'Rivers Street Cafe','2015-09-18 08:46:28','brandonhy',57,'0'),(429,'Wrapps - Fajita Chicken',2,'Rivers Street Cafe','2015-09-18 08:46:28','brandonhy',57,'0'),(430,'Apple Pie',2,'Rivers Street Cafe','2015-09-18 08:48:11','wallincr',58,'0'),(431,'Bavarian Crème Filled Long John',2,'Rivers Street Cafe','2015-09-18 08:48:11','wallincr',58,'0'),(432,'Cherry Cake with Buttercream',2,'Rivers Street Cafe','2015-09-18 08:48:11','wallincr',58,'0'),(433,'Chocolate Glazed Bavarian Crème Filled Long John',2,'Rivers Street Cafe','2015-09-18 08:48:11','wallincr',58,'0'),(434,'German Chocolate Cake',2,'Rivers Street Cafe','2015-09-18 08:48:11','wallincr',58,'0'),(435,'Lemon Filled Donut',2,'Rivers Street Cafe','2015-09-18 08:48:11','wallincr',58,'0'),(436,'Plain Bagel',2,'Rivers Street Cafe','2015-09-18 08:48:11','wallincr',58,'0'),(437,'Rice Krispies Treat',2,'Rivers Street Cafe','2015-09-18 08:48:11','wallincr',58,'0'),(438,'Rivers Street Grille - Hot Dog',2,'Rivers Street Cafe','2015-09-18 08:48:11','wallincr',58,'0'),(439,'Rivers Street Grille - Mushroom Swiss Burger',2,'Rivers Street Cafe','2015-09-18 08:48:11','wallincr',58,'0'),(440,'Small Chocolate Chip Cookie',2,'Rivers Street Cafe','2015-09-18 08:48:11','wallincr',58,'0'),(441,'Tropical Fruit Salad',2,'Rivers Street Cafe','2015-09-18 08:48:11','wallincr',58,'0'),(442,'White Cream Filled Donut',2,'Rivers Street Cafe','2015-09-18 08:48:11','wallincr',58,'0'),(443,'Wrapps - El Wingnut',2,'Rivers Street Cafe','2015-09-18 08:48:11','wallincr',58,'0'),(444,'Wrapps - Yosef Wrap',2,'Rivers Street Cafe','2015-09-18 08:48:11','wallincr',58,'0'),(445,'Rivers Street Grille - Bacon Cheeseburger',3,'Rivers Street Cafe','2015-09-18 09:05:42','wallincr',59,'0'),(446,'Rivers Street Grille - Blue Ridge Burger',3,'Rivers Street Cafe','2015-09-18 09:05:42','wallincr',59,'0'),(447,'Rivers Street Grille - Buffalo Fried Chicken Sandwich',4,'Rivers Street Cafe','2015-09-18 09:05:42','wallincr',59,'0'),(448,'Rivers Street Grille - Fried Chicken Breast Sandwich',4,'Rivers Street Cafe','2015-09-18 09:05:42','wallincr',59,'0'),(449,'Rivers Street Grille - Grilled Cheese',4,'Rivers Street Cafe','2015-09-18 09:05:42','wallincr',59,'0'),(450,'Rivers Street Grille - Grilled Chicken Breast Sandwich',4,'Rivers Street Cafe','2015-09-18 09:05:42','wallincr',59,'0'),(451,'Rivers Street Grille - Spicy Chicken Breast Sandwich',4,'Rivers Street Cafe','2015-09-18 09:05:42','wallincr',59,'0'),(452,'Small Chocolate Chip Cookie',3,'Rivers Street Cafe','2015-09-18 09:05:42','wallincr',59,'0'),(453,'Small Oatmeal Raisin Cookie',3,'Rivers Street Cafe','2015-09-18 09:05:42','wallincr',59,'0'),(454,'Small Peanut Butter Cookie',3,'Rivers Street Cafe','2015-09-18 09:05:42','wallincr',59,'0'),(455,'Vanilla Cake with White Buttercream',3,'Rivers Street Cafe','2015-09-18 09:05:42','wallincr',59,'0'),(456,'Pita Bread',2,'Park Place Cafe','2015-09-18 09:23:09','durhamld',60,'0'),(457,'Biscuit Chicken',5,'Rivers Street Cafe','2015-09-18 03:34:02','wallincr',61,'0'),(458,'Biscuit Sausage',4,'Rivers Street Cafe','2015-09-18 03:34:02','wallincr',61,'0'),(459,'Everything Bagel',2,'Sanford Commons','2015-09-21 01:52:58','wolcottjd',62,'0'),(460,'Generic Allergen',2,'Sanford Commons','2015-09-21 01:52:58','wolcottjd',62,'0'),(461,'Mountaineer Grill - Bacon Cheeseburger',4,'Sanford Commons','2015-09-21 01:52:58','wolcottjd',62,'0'),(462,'Mountaineer Grill - Cheeseburger',6,'Sanford Commons','2015-09-21 01:52:58','wolcottjd',62,'0'),(463,'Mountaineer Grill - Double Cheeseburger',2,'Sanford Commons','2015-09-21 01:52:58','wolcottjd',62,'0'),(464,'Mountaineer Grill - Grilled Cheese',2,'Sanford Commons','2015-09-21 01:52:58','wolcottjd',62,'0'),(465,'Mountaineer Grill - Grilled Chicken',2,'Sanford Commons','2015-09-21 01:52:58','wolcottjd',62,'0'),(466,'Mountaineer Grill - Spicy Chicken',2,'Sanford Commons','2015-09-21 01:52:58','wolcottjd',62,'0'),(467,'060 Grapes with Cheese',2,'Park Place Cafe','2015-09-22 04:50:08','durhamld',63,'0'),(468,'061 Ham Croissant',2,'Park Place Cafe','2015-09-22 04:50:08','durhamld',63,'0'),(469,'145 Turkey Croissant',2,'Park Place Cafe','2015-09-22 04:50:08','durhamld',63,'0'),(470,'010 Bavarian Crème Filled Long John',2,'Park Place Cafe','2015-09-22 04:54:56','durhamld',64,'0'),(471,'047 Croissant',2,'Park Place Cafe','2015-09-22 04:54:56','durhamld',64,'0'),(472,'135 Strawberry Cake with Cream Cheese Icing',2,'Park Place Cafe','2015-09-22 04:54:56','durhamld',64,'0'),(473,'148 Vanilla Cake with Chocolate Buttercream',2,'Park Place Cafe','2015-09-22 04:54:56','durhamld',64,'0'),(474,'005 Apple Turnover',1,'Cascades Cafe','2015-09-23 12:33:08','grubbpw',65,'0'),(475,'017 Blueberry Bagel',4,'Cascades Cafe','2015-09-23 12:33:08','grubbpw',65,'0'),(476,'025 Cherry Turnover',1,'Cascades Cafe','2015-09-23 12:33:08','grubbpw',65,'0'),(477,'051 Everything Bagel',2,'Cascades Cafe','2015-09-23 12:33:08','grubbpw',65,'0'),(478,'079 Magic Cookie Bar',1,'Cascades Cafe','2015-09-23 12:33:08','grubbpw',65,'0'),(479,'099 Plain Bagel',2,'Cascades Cafe','2015-09-23 12:33:08','grubbpw',65,'0'),(480,'059 Granola Bar',1,'Park Place Cafe','2015-09-23 02:14:32','durhamld',66,'0'),(481,'107 Rice Krispies Treat',1,'Park Place Cafe','2015-09-23 02:14:32','durhamld',66,'0'),(482,'026 Chick-Fil-A Chicken Sandwich',100,'Chick-Fil-A','2015-09-23 02:27:51','mooneysa',67,'0'),(483,'027 Chick-Fil-A Grilled Market Salad',25,'Chick-Fil-A','2015-09-23 02:27:51','mooneysa',67,'0'),(484,'028 Chick-Fil-A Nuggets',100,'Chick-Fil-A','2015-09-23 02:27:51','mooneysa',67,'0'),(485,'098 Pita Bread',1,'Park Place Cafe','2015-09-23 02:50:33','durhamld',68,'0'),(486,'177 Yeast Roll',4,'Rivers Street Cafe','2015-09-24 10:13:05','wallincr',69,'0'),(487,'110 Rivers Street Grille - Blue Ridge Cheeseburger',5,'Rivers Street Cafe','2015-09-24 10:13:39','wallincr',70,'0'),(488,'030 Chocolate Cake with Chocolate Buttercream',2,'Park Place Cafe','2015-10-05 11:36:33','durhamld',71,'0'),(489,'056 Glazed Yeast Donut',2,'Park Place Cafe','2015-10-05 11:36:33','durhamld',71,'0'),(490,'102 Pumpkin Cheesecake',1,'Park Place Cafe','2015-10-05 11:36:33','durhamld',71,'0'),(491,'143 Triple Indulgence Chocolate Cheesecake',1,'Park Place Cafe','2015-10-05 11:36:33','durhamld',71,'0'),(492,'017 Blueberry Bagel',4,'Cascades Cafe','2015-10-06 12:55:46','grubbpw',72,'0'),(493,'022 Cheese Danish',2,'Cascades Cafe','2015-10-06 12:55:46','grubbpw',72,'0'),(494,'035 Chocolate Croissant',2,'Cascades Cafe','2015-10-06 12:55:46','grubbpw',72,'0'),(495,'051 Everything Bagel',4,'Cascades Cafe','2015-10-06 12:55:46','grubbpw',72,'0'),(496,'059 Granola Bar',5,'Cascades Cafe','2015-10-06 12:55:46','grubbpw',72,'0'),(497,'077 Low Fat Brownie',2,'Cascades Cafe','2015-10-06 12:55:46','grubbpw',72,'0'),(498,'079 Magic Cookie Bar',1,'Cascades Cafe','2015-10-06 12:55:46','grubbpw',72,'0'),(499,'099 Plain Bagel',1,'Cascades Cafe','2015-10-06 12:55:46','grubbpw',72,'0'),(500,'101 Pumpkin Bread',2,'Cascades Cafe','2015-10-06 12:55:46','grubbpw',72,'0'),(501,'107 Rice Krispies Treat',2,'Cascades Cafe','2015-10-06 12:55:46','grubbpw',72,'0'),(502,'138 Strawberry Nut Bread',2,'Cascades Cafe','2015-10-06 12:55:46','grubbpw',72,'0'),(503,'017 Blueberry Bagel',2,'Sanford Commons','2015-10-12 09:57:35','wolcottjd',73,'0'),(504,'031 Chocolate Cake with Dark Chocolate Icing',2,'Sanford Commons','2015-10-12 09:57:35','wolcottjd',73,'0'),(505,'051 Everything Bagel',2,'Sanford Commons','2015-10-12 09:57:35','wolcottjd',73,'0'),(506,'053 Generic Allergen',6,'Sanford Commons','2015-10-12 09:57:35','wolcottjd',73,'0'),(507,'101 Pumpkin Bread',2,'Sanford Commons','2015-10-12 09:57:35','wolcottjd',73,'0'),(508,'059 Granola Bar',5,'Rivers Street Cafe','2015-10-21 08:06:26','wallincr',74,'0'),(509,'078 M&M Chocolate Chip Cookie',6,'Rivers Street Cafe','2015-10-21 08:06:26','wallincr',74,'0'),(510,'123 Rum Pound Cake',4,'Rivers Street Cafe','2015-10-21 08:06:26','wallincr',74,'0'),(511,'012 Biscuit Chicken',8,'Rivers Street Cafe','2015-10-21 08:09:15','wallincr',75,'0'),(512,'053 Generic Allergen',5,'Rivers Street Cafe','2015-10-21 08:28:42','wallincr',76,'0'),(513,'053 Generic Allergen',2,'Park Place Cafe','2015-10-22 10:35:48','durhamld',77,'0'),(514,'161 Wrapps - Beef Burrito',4,'Rivers Street Cafe','2015-10-26 02:56:31','wallincr',78,'0'),(515,'162 Wrapps - BLT',4,'Rivers Street Cafe','2015-10-26 02:56:31','wallincr',78,'0'),(516,'164 Wrapps - Chicken Burrito',6,'Rivers Street Cafe','2015-10-26 02:56:31','wallincr',78,'0'),(517,'165 Wrapps - Chicken Caesar',5,'Rivers Street Cafe','2015-10-26 02:56:31','wallincr',78,'0'),(518,'167 Wrapps - Fajita Chicken',5,'Rivers Street Cafe','2015-10-26 02:56:31','wallincr',78,'0'),(519,'168 Wrapps - Garden Gate',3,'Rivers Street Cafe','2015-10-26 02:56:31','wallincr',78,'0'),(520,'169 Wrapps - Hungry App',3,'Rivers Street Cafe','2015-10-26 02:56:31','wallincr',78,'0'),(521,'170 Wrapps - Jessco',2,'Rivers Street Cafe','2015-10-26 02:56:31','wallincr',78,'0'),(522,'173 Wrapps - Stumpjumper',2,'Rivers Street Cafe','2015-10-26 02:56:31','wallincr',78,'0'),(523,'174 Wrapps - Supreme Breakfast Burrito',10,'Rivers Street Cafe','2015-10-26 02:56:31','wallincr',78,'0'),(524,'175 Wrapps - Veggie Burrito',4,'Rivers Street Cafe','2015-10-26 02:56:31','wallincr',78,'0'),(525,'176 Wrapps - Yosef Wrap',2,'Rivers Street Cafe','2015-10-26 02:56:31','wallincr',78,'0'),(526,'156 White Chocolate Macadamia Nut Cookie',2,'Park Place Cafe','2015-11-02 06:47:25','durhamld',79,'0'),(527,'033 Chocolate Carrot Cake with Cream Cheese Icing',1,'Park Place Cafe','2015-11-02 06:55:56','durhamld',80,'0'),(528,'035 Chocolate Croissant',1,'Park Place Cafe','2015-11-02 06:55:56','durhamld',80,'0'),(529,'102 Pumpkin Cheesecake',1,'Park Place Cafe','2015-11-02 06:55:56','durhamld',80,'0'),(530,'103 Pumpkin Pie',1,'Park Place Cafe','2015-11-02 06:55:56','durhamld',80,'0'),(531,'136 Strawberry Cheesecake',1,'Park Place Cafe','2015-11-02 06:55:56','durhamld',80,'0'),(532,'143 Triple Indulgence Chocolate Cheesecake',1,'Park Place Cafe','2015-11-02 06:55:56','durhamld',80,'0'),(533,'020 Carrot Cake',1,'Park Place Cafe','2015-11-03 12:14:35','durhamld',81,'0'),(534,'107 Rice Krispies Treat',1,'Park Place Cafe','2015-11-03 12:14:35','durhamld',81,'0'),(535,'058 Granola',1,'Park Place Cafe','2015-11-03 12:15:09','durhamld',82,'0'),(536,'034 Chocolate Chunk Cookie',8,'Sanford Commons','2015-11-05 09:54:48','wolcottjd',83,'0'),(537,'007 Bacon, Egg & Cheese on Plain Bagel',1,'Park Place Cafe','2015-11-06 10:38:55','durhamld',84,'0'),(538,'127 Sausage, Egg & Cheese on Plain Bagel',1,'Park Place Cafe','2015-11-06 10:38:55','durhamld',84,'0'),(539,'053 Generic Allergen',2,'Park Place Cafe','2015-11-09 09:09:46','durhamld',85,'0'),(540,'020 Carrot Cake',2,'Sanford Commons','2015-11-11 09:39:10','wolcottjd',86,'0'),(541,'053 Generic Allergen',4,'Sanford Commons','2015-11-11 09:39:10','wolcottjd',86,'0'),(542,'080 Mandarin Orange Pineapple Cake',2,'Sanford Commons','2015-11-11 09:39:10','wolcottjd',86,'0'),(543,'083 Mountaineer Grill - Bacon Cheeseburger',8,'Sanford Commons','2015-11-11 09:39:10','wolcottjd',86,'0'),(544,'084 Mountaineer Grill - Cheeseburger',8,'Sanford Commons','2015-11-11 09:39:10','wolcottjd',86,'0'),(545,'034 Chocolate Chunk Cookie',3,'Park Place Cafe','2015-11-13 10:15:07','durhamld',87,'0'),(546,'146 Uniced Chocolate Brownie',1,'Park Place Cafe','2015-11-13 10:15:07','durhamld',87,'0'),(547,'006 Bacon, Egg & Cheese on Everything Bagel',2,'Park Place Cafe','2015-11-13 10:28:53','durhamld',88,'0'),(548,'007 Bacon, Egg & Cheese on Plain Bagel',1,'Park Place Cafe','2015-11-13 10:28:53','durhamld',88,'0'),(549,'012 Biscuit Chicken',1,'Park Place Cafe','2015-11-13 10:28:53','durhamld',88,'0'),(550,'005 Apple Turnover',1,'Cascades Cafe','2015-11-23 09:46:50','grubbpw',89,'0'),(551,'022 Cheese Danish',1,'Cascades Cafe','2015-11-23 09:46:50','grubbpw',89,'0'),(552,'025 Cherry Turnover',1,'Cascades Cafe','2015-11-23 09:46:50','grubbpw',89,'0'),(553,'058 Granola',2,'Cascades Cafe','2015-11-23 09:46:50','grubbpw',89,'0'),(554,'059 Granola Bar',1,'Cascades Cafe','2015-11-23 09:46:50','grubbpw',89,'0'),(555,'063 Hummus',2,'Cascades Cafe','2015-11-23 09:46:50','grubbpw',89,'0'),(556,'066 Iced Peanut Butter Brownie',2,'Cascades Cafe','2015-11-23 09:46:50','grubbpw',89,'0'),(557,'077 Low Fat Brownie',1,'Cascades Cafe','2015-11-23 09:46:50','grubbpw',89,'0'),(558,'096 Peanut Butter Cheerio Squares',1,'Cascades Cafe','2015-11-23 09:46:50','grubbpw',89,'0'),(559,'099 Plain Bagel',1,'Cascades Cafe','2015-11-23 09:46:50','grubbpw',89,'0'),(560,'101 Pumpkin Bread',1,'Cascades Cafe','2015-11-23 09:46:50','grubbpw',89,'0'),(561,'107 Rice Krispies Treat',1,'Cascades Cafe','2015-11-23 09:46:50','grubbpw',89,'0'),(562,'138 Strawberry Nut Bread',1,'Cascades Cafe','2015-11-23 09:46:50','grubbpw',89,'0'),(563,'142 Tortilla Chips',3,'Cascades Cafe','2015-11-23 09:46:50','grubbpw',89,'0'),(564,'078 M&M Chocolate Chip Cookie',2,'Park Place Cafe','2015-12-02 12:13:56','durhamld',90,'0'),(565,'012 Biscuit Chicken',1,'Park Place Cafe','2015-12-02 12:16:34','durhamld',91,'0'),(566,'011 Bavarian Wheat Roll',2,'Rivers Street Cafe','2015-12-08 08:42:07','wallincr',92,'0'),(567,'012 Biscuit Chicken',6,'Rivers Street Cafe','2015-12-08 08:42:07','wallincr',92,'0'),(568,'013 Biscuit Country Ham',2,'Rivers Street Cafe','2015-12-08 08:42:07','wallincr',92,'0'),(569,'014 Biscuit Sausage',5,'Rivers Street Cafe','2015-12-08 08:42:07','wallincr',92,'0'),(570,'015 Biscuit Steak',2,'Rivers Street Cafe','2015-12-08 08:42:07','wallincr',92,'0'),(571,'030 Chocolate Cake with Chocolate Buttercream',3,'Rivers Street Cafe','2015-12-08 08:42:07','wallincr',92,'0'),(572,'034 Chocolate Chunk Cookie',5,'Rivers Street Cafe','2015-12-08 08:42:07','wallincr',92,'0'),(573,'046 Cornbread Squares',3,'Rivers Street Cafe','2015-12-08 08:42:07','wallincr',92,'0'),(574,'062 Honey Wheat Ranch Roll',2,'Rivers Street Cafe','2015-12-08 08:42:07','wallincr',92,'0'),(575,'078 M&M Chocolate Chip Cookie',5,'Rivers Street Cafe','2015-12-08 08:42:07','wallincr',92,'0'),(576,'177 Yeast Roll',5,'Rivers Street Cafe','2015-12-08 08:42:07','wallincr',92,'0'),(577,'178 Rivers Street Grille - Grilled Chicken Club',5,'Rivers Street Cafe','2015-12-08 08:42:07','wallincr',92,'0'),(578,'015 Biscuit Steak',2,'Park Place Cafe','2016-01-20 10:55:49','durhamld',93,'0'),(579,'049 Egg & Cheese on Plain Bagel',2,'Park Place Cafe','2016-01-20 10:55:49','durhamld',93,'0'),(580,'126 Sausage, Egg & Cheese on Everything Bagel',2,'Park Place Cafe','2016-01-20 10:55:49','durhamld',93,'0'),(581,'070 Kaiser Roll',1,'Park Place Cafe','2016-01-20 10:56:59','durhamld',94,'0'),(582,'179 Chicken Caesar Wrap',2,'Park Place Cafe','2016-01-20 11:03:16','durhamld',95,'0'),(583,'180 Southwest Chicken Wrap',2,'Park Place Cafe','2016-01-20 11:03:16','durhamld',95,'0'),(584,'181 Turkey Bacon Buffalo Ranch Wrap',2,'Park Place Cafe','2016-01-20 11:03:16','durhamld',95,'0'),(585,'026 Chick-Fil-A Chicken Sandwich',50,'Chick-Fil-A','2016-01-23 02:19:03','mooneysa',96,'0'),(586,'028 Chick-Fil-A Nuggets',50,'Chick-Fil-A','2016-01-23 02:19:03','mooneysa',96,'0'),(587,'083 Mountaineer Grill - Bacon Cheeseburger',2,'Sanford Commons','2016-02-01 10:45:07','wolcottjd',97,'0'),(588,'084 Mountaineer Grill - Cheeseburger',5,'Sanford Commons','2016-02-01 10:45:07','wolcottjd',97,'0'),(589,'085 Mountaineer Grill - Double Cheeseburger',1,'Sanford Commons','2016-02-01 10:45:07','wolcottjd',97,'0'),(590,'086 Mountaineer Grill - Grilled Cheese',2,'Sanford Commons','2016-02-01 10:45:07','wolcottjd',97,'0'),(591,'087 Mountaineer Grill - Grilled Chicken',4,'Sanford Commons','2016-02-01 10:45:07','wolcottjd',97,'0'),(592,'088 Mountaineer Grill - Spicy Chicken',5,'Sanford Commons','2016-02-01 10:45:07','wolcottjd',97,'0'),(593,'160 Wrapps - Apps Wrapp',3,'Rivers Street Cafe','2016-02-04 01:54:26','wallincr',98,'0'),(594,'161 Wrapps - Beef Burrito',4,'Rivers Street Cafe','2016-02-04 01:54:26','wallincr',98,'0'),(595,'162 Wrapps - BLT',4,'Rivers Street Cafe','2016-02-04 01:54:26','wallincr',98,'0'),(596,'163 Wrapps - Breakfast Burrito',5,'Rivers Street Cafe','2016-02-04 01:54:26','wallincr',98,'0'),(597,'164 Wrapps - Chicken Burrito',4,'Rivers Street Cafe','2016-02-04 01:54:26','wallincr',98,'0'),(598,'165 Wrapps - Chicken Caesar',3,'Rivers Street Cafe','2016-02-04 01:54:26','wallincr',98,'0'),(599,'166 Wrapps - El Wingnut',5,'Rivers Street Cafe','2016-02-04 01:54:26','wallincr',98,'0'),(600,'167 Wrapps - Fajita Chicken',3,'Rivers Street Cafe','2016-02-04 01:54:26','wallincr',98,'0'),(601,'168 Wrapps - Garden Gate',3,'Rivers Street Cafe','2016-02-04 01:54:26','wallincr',98,'0'),(602,'169 Wrapps - Hungry App',5,'Rivers Street Cafe','2016-02-04 01:54:26','wallincr',98,'0'),(603,'170 Wrapps - Jessco',3,'Rivers Street Cafe','2016-02-04 01:54:26','wallincr',98,'0'),(604,'171 Wrapps - Mountaineer Wrap',3,'Rivers Street Cafe','2016-02-04 01:54:26','wallincr',98,'0'),(605,'172 Wrapps - Power Bomb',4,'Rivers Street Cafe','2016-02-04 01:54:26','wallincr',98,'0'),(606,'173 Wrapps - Stumpjumper',5,'Rivers Street Cafe','2016-02-04 01:54:26','wallincr',98,'0'),(607,'174 Wrapps - Supreme Breakfast Burrito',15,'Rivers Street Cafe','2016-02-04 01:54:26','wallincr',98,'0'),(608,'175 Wrapps - Veggie Burrito',5,'Rivers Street Cafe','2016-02-04 01:54:26','wallincr',98,'0'),(609,'176 Wrapps - Yosef Wrap',5,'Rivers Street Cafe','2016-02-04 01:54:26','wallincr',98,'0'),(610,'026 Chick-Fil-A Chicken Sandwich',450,'Chick-Fil-A','2016-02-04 02:31:56','mooneysa',99,'0'),(611,'028 Chick-Fil-A Nuggets',450,'Chick-Fil-A','2016-02-04 02:31:56','mooneysa',99,'0'),(612,'053 Generic Allergen',3,'Park Place Cafe','2016-02-11 11:06:57','durhamld',100,'0'),(613,'012 Biscuit Chicken',2,'Park Place Cafe','2016-02-11 11:08:45','durhamld',101,'0'),(614,'012 Biscuit Chicken',10,'Rivers Street Cafe','2016-02-12 08:26:07','wallincr',102,'0'),(615,'014 Biscuit Sausage',5,'Rivers Street Cafe','2016-02-12 08:26:07','wallincr',102,'0'),(616,'015 Biscuit Steak',4,'Rivers Street Cafe','2016-02-12 08:26:07','wallincr',102,'0'),(617,'042 Chocolate Glazed Yeast Donut',6,'Rivers Street Cafe','2016-02-12 08:26:07','wallincr',102,'0'),(618,'046 Cornbread Squares',5,'Rivers Street Cafe','2016-02-12 08:26:07','wallincr',102,'0'),(619,'056 Glazed Yeast Donut',6,'Rivers Street Cafe','2016-02-12 08:26:07','wallincr',102,'0'),(620,'057 Glazed Yeast Donut Holes',5,'Rivers Street Cafe','2016-02-12 08:26:07','wallincr',102,'0'),(621,'108 Rivers Street Grille - Bacon Cheeseburger',5,'Rivers Street Cafe','2016-02-12 09:32:32','wallincr',103,'0'),(622,'110 Rivers Street Grille - Blue Ridge Cheeseburger',8,'Rivers Street Cafe','2016-02-12 09:32:32','wallincr',103,'0'),(623,'111 Rivers Street Grille - Buffalo Fried Chicken Sandwich',8,'Rivers Street Cafe','2016-02-12 09:32:32','wallincr',103,'0'),(624,'112 Rivers Street Grille - Caribbean Jerk Chicken Sandwich',5,'Rivers Street Cafe','2016-02-12 09:32:32','wallincr',103,'0'),(625,'114 Rivers Street Grille - Fried Chicken Breast Sandwich',8,'Rivers Street Cafe','2016-02-12 09:32:32','wallincr',103,'0'),(626,'115 Rivers Street Grille - Grilled Cheese',8,'Rivers Street Cafe','2016-02-12 09:32:32','wallincr',103,'0'),(627,'116 Rivers Street Grille - Grilled Chicken Breast Sandwich',8,'Rivers Street Cafe','2016-02-12 09:32:32','wallincr',103,'0'),(628,'121 Rivers Street Grille - Spicy Chicken Breast Sandwich',5,'Rivers Street Cafe','2016-02-12 09:32:32','wallincr',103,'0'),(629,'178 Rivers Street Grille - Grilled Chicken Club',8,'Rivers Street Cafe','2016-02-12 09:32:32','wallincr',103,'0'),(630,'012 Biscuit Chicken',2,'Park Place Cafe','2016-02-12 12:26:26','durhamld',104,'0'),(631,'053 Generic Allergen',3,'Park Place Cafe','2016-02-12 12:27:00','durhamld',105,'0'),(632,'012 Biscuit Chicken',10,'Rivers Street Cafe','2016-02-12 02:43:13','wallincr',106,'0'),(633,'014 Biscuit Sausage',6,'Rivers Street Cafe','2016-02-12 02:43:13','wallincr',106,'0'),(634,'015 Biscuit Steak',5,'Rivers Street Cafe','2016-02-12 02:43:13','wallincr',106,'0'),(635,'042 Chocolate Glazed Yeast Donut',8,'Rivers Street Cafe','2016-02-12 02:43:13','wallincr',106,'0'),(636,'046 Cornbread Squares',5,'Rivers Street Cafe','2016-02-12 02:43:13','wallincr',106,'0'),(637,'056 Glazed Yeast Donut',6,'Rivers Street Cafe','2016-02-12 02:43:13','wallincr',106,'0'),(638,'057 Glazed Yeast Donut Holes',6,'Rivers Street Cafe','2016-02-12 02:43:13','wallincr',106,'0'),(639,'108 Rivers Street Grille - Bacon Cheeseburger',6,'Rivers Street Cafe','2016-02-12 02:43:13','wallincr',106,'0'),(640,'110 Rivers Street Grille - Blue Ridge Cheeseburger',8,'Rivers Street Cafe','2016-02-12 02:43:13','wallincr',106,'0'),(641,'111 Rivers Street Grille - Buffalo Fried Chicken Sandwich',8,'Rivers Street Cafe','2016-02-12 02:43:13','wallincr',106,'0'),(642,'112 Rivers Street Grille - Caribbean Jerk Chicken Sandwich',5,'Rivers Street Cafe','2016-02-12 02:43:13','wallincr',106,'0'),(643,'114 Rivers Street Grille - Fried Chicken Breast Sandwich',8,'Rivers Street Cafe','2016-02-12 02:43:13','wallincr',106,'0'),(644,'115 Rivers Street Grille - Grilled Cheese',8,'Rivers Street Cafe','2016-02-12 02:43:13','wallincr',106,'0'),(645,'116 Rivers Street Grille - Grilled Chicken Breast Sandwich',8,'Rivers Street Cafe','2016-02-12 02:43:13','wallincr',106,'0'),(646,'121 Rivers Street Grille - Spicy Chicken Breast Sandwich',8,'Rivers Street Cafe','2016-02-12 02:43:13','wallincr',106,'0'),(647,'160 Wrapps - Apps Wrapp',3,'Rivers Street Cafe','2016-02-12 02:43:13','wallincr',106,'0'),(648,'161 Wrapps - Beef Burrito',4,'Rivers Street Cafe','2016-02-12 02:43:13','wallincr',106,'0'),(649,'162 Wrapps - BLT',6,'Rivers Street Cafe','2016-02-12 02:43:13','wallincr',106,'0'),(650,'163 Wrapps - Breakfast Burrito',5,'Rivers Street Cafe','2016-02-12 02:43:13','wallincr',106,'0'),(651,'164 Wrapps - Chicken Burrito',6,'Rivers Street Cafe','2016-02-12 02:43:13','wallincr',106,'0'),(652,'165 Wrapps - Chicken Caesar',5,'Rivers Street Cafe','2016-02-12 02:43:13','wallincr',106,'0'),(653,'166 Wrapps - El Wingnut',4,'Rivers Street Cafe','2016-02-12 02:43:13','wallincr',106,'0'),(654,'167 Wrapps - Fajita Chicken',5,'Rivers Street Cafe','2016-02-12 02:43:13','wallincr',106,'0'),(655,'168 Wrapps - Garden Gate',3,'Rivers Street Cafe','2016-02-12 02:43:13','wallincr',106,'0'),(656,'169 Wrapps - Hungry App',6,'Rivers Street Cafe','2016-02-12 02:43:13','wallincr',106,'0'),(657,'170 Wrapps - Jessco',4,'Rivers Street Cafe','2016-02-12 02:43:13','wallincr',106,'0'),(658,'171 Wrapps - Mountaineer Wrap',5,'Rivers Street Cafe','2016-02-12 02:43:13','wallincr',106,'0'),(659,'172 Wrapps - Power Bomb',4,'Rivers Street Cafe','2016-02-12 02:43:13','wallincr',106,'0'),(660,'173 Wrapps - Stumpjumper',4,'Rivers Street Cafe','2016-02-12 02:43:13','wallincr',106,'0'),(661,'174 Wrapps - Supreme Breakfast Burrito',20,'Rivers Street Cafe','2016-02-12 02:43:13','wallincr',106,'0'),(662,'178 Rivers Street Grille - Grilled Chicken Club',5,'Rivers Street Cafe','2016-02-12 02:43:13','wallincr',106,'0'),(663,'179 Chicken Caesar Wrap',2,'Park Place Cafe','2016-02-16 11:40:52','durhamld',107,'0'),(664,'011 Bavarian Wheat Roll',3,'Rivers Street Cafe','2016-02-19 10:38:02','wallincr',108,'0'),(665,'017 Blueberry Bagel',4,'Rivers Street Cafe','2016-02-19 10:38:02','wallincr',108,'0'),(666,'044 Cinnamon Raisin Bagel',2,'Rivers Street Cafe','2016-02-19 10:38:02','wallincr',108,'0'),(667,'050 English Muffin',4,'Rivers Street Cafe','2016-02-19 10:38:02','wallincr',108,'0'),(668,'051 Everything Bagel',3,'Rivers Street Cafe','2016-02-19 10:38:02','wallincr',108,'0'),(669,'062 Honey Wheat Ranch Roll',5,'Rivers Street Cafe','2016-02-19 10:38:02','wallincr',108,'0'),(670,'099 Plain Bagel',4,'Rivers Street Cafe','2016-02-19 10:38:02','wallincr',108,'0'),(671,'154 Wheat Bagel',4,'Rivers Street Cafe','2016-02-19 10:38:02','wallincr',108,'0'),(672,'177 Yeast Roll',3,'Rivers Street Cafe','2016-02-19 10:38:02','wallincr',108,'0'),(673,'034 Chocolate Chunk Cookie',8,'Sanford Commons','2016-02-24 08:28:57','wolcottjd',109,'0'),(674,'107 Rice Krispies Treat',2,'Park Place Cafe','2016-02-24 12:57:05','durhamld',110,'0'),(675,'035 Chocolate Croissant',1,'Park Place Cafe','2016-02-24 01:55:08','durhamld',111,'0'),(676,'066 Iced Peanut Butter Brownie',2,'Rivers Street Cafe','2016-02-29 02:55:02','wallincr',112,'0'),(677,'107 Rice Krispies Treat',6,'Rivers Street Cafe','2016-02-29 02:55:02','wallincr',112,'0'),(678,'034 Chocolate Chunk Cookie',2,'Park Place Cafe','2016-03-15 10:07:46','durhamld',113,'0'),(679,'089 New York Style Cheesecake',1,'Park Place Cafe','2016-03-15 10:13:21','durhamld',114,'0'),(680,'012 Biscuit Chicken',2,'Cascades Cafe','2016-03-17 10:44:17','grubbpw',115,'0'),(681,'053 Generic Allergen',1,'Cascades Cafe','2016-03-17 10:44:17','grubbpw',115,'0'),(682,'058 Granola',1,'Cascades Cafe','2016-03-17 10:44:17','grubbpw',115,'0'),(683,'002 Apple Bread',2,'Cascades Cafe','2016-03-17 10:49:01','grubbpw',116,'0'),(684,'008 Banana Nut Bread',2,'Cascades Cafe','2016-03-17 10:49:01','grubbpw',116,'0'),(685,'017 Blueberry Bagel',1,'Cascades Cafe','2016-03-17 10:49:01','grubbpw',116,'0'),(686,'051 Everything Bagel',3,'Cascades Cafe','2016-03-17 10:49:01','grubbpw',116,'0'),(687,'066 Iced Peanut Butter Brownie',1,'Cascades Cafe','2016-03-17 10:49:01','grubbpw',116,'0'),(688,'093 Park Place Spinach Dip',2,'Park Place Cafe','2016-03-17 10:49:11','durhamld',117,'0'),(689,'059 Granola Bar',2,'Park Place Cafe','2016-03-17 10:50:38','durhamld',118,'0'),(690,'083 Mountaineer Grill - Bacon Cheeseburger',4,'Sanford Commons','2016-03-21 08:12:55','wolcottjd',119,'0'),(691,'084 Mountaineer Grill - Cheeseburger',4,'Sanford Commons','2016-03-21 08:12:55','wolcottjd',119,'0'),(692,'085 Mountaineer Grill - Double Cheeseburger',1,'Sanford Commons','2016-03-21 08:12:55','wolcottjd',119,'0'),(693,'087 Mountaineer Grill - Grilled Chicken',4,'Sanford Commons','2016-03-21 08:12:55','wolcottjd',119,'0'),(694,'088 Mountaineer Grill - Spicy Chicken',4,'Sanford Commons','2016-03-21 08:12:55','wolcottjd',119,'0'),(695,'020 Carrot Cake',2,'Sanford Commons','2016-03-21 01:21:01','wolcottjd',120,'0'),(696,'031 Chocolate Cake with Dark Chocolate Icing',2,'Sanford Commons','2016-03-21 01:21:01','wolcottjd',120,'0'),(697,'033 Chocolate Carrot Cake with Cream Cheese Icing',2,'Sanford Commons','2016-03-21 01:21:01','wolcottjd',120,'0'),(698,'034 Chocolate Chunk Cookie',4,'Sanford Commons','2016-03-21 01:21:01','wolcottjd',120,'0'),(699,'046 Cornbread Squares',2,'Sanford Commons','2016-03-21 01:21:01','wolcottjd',120,'0'),(700,'053 Generic Allergen',8,'Sanford Commons','2016-03-21 01:21:01','wolcottjd',120,'0'),(701,'078 M&M Chocolate Chip Cookie',2,'Sanford Commons','2016-03-21 01:21:01','wolcottjd',120,'0'),(702,'089 New York Style Cheesecake',2,'Sanford Commons','2016-03-21 01:21:01','wolcottjd',120,'0'),(703,'107 Rice Krispies Treat',4,'Sanford Commons','2016-03-21 01:21:01','wolcottjd',120,'0'),(704,'006 Bacon, Egg & Cheese on Everything Bagel',2,'Park Place Cafe','2016-04-13 09:46:02','durhamld',121,'0'),(705,'007 Bacon, Egg & Cheese on Plain Bagel',2,'Park Place Cafe','2016-04-13 09:46:02','durhamld',121,'0'),(706,'012 Biscuit Chicken',3,'Park Place Cafe','2016-04-13 09:52:16','durhamld',122,'0'),(707,'053 Generic Allergen',3,'Park Place Cafe','2016-04-14 06:23:54','durhamld',123,'0'),(708,'063 Hummus',3,'Cascades Cafe','2016-04-19 06:12:37','grubbpw',124,'0'),(709,'142 Tortilla Chips',2,'Cascades Cafe','2016-04-19 06:12:37','grubbpw',124,'0'),(710,'017 Blueberry Bagel',4,'Cascades Cafe','2016-04-19 06:17:09','grubbpw',125,'0'),(711,'051 Everything Bagel',2,'Cascades Cafe','2016-04-19 06:17:09','grubbpw',125,'0'),(712,'059 Granola Bar',1,'Cascades Cafe','2016-04-19 06:17:09','grubbpw',125,'0'),(713,'012 Biscuit Chicken',3,'Cascades Cafe','2016-04-19 06:19:29','grubbpw',126,'0'),(714,'014 Biscuit Sausage',3,'Cascades Cafe','2016-04-19 06:19:29','grubbpw',126,'0'),(715,'058 Granola',1,'Cascades Cafe','2016-04-19 06:19:29','grubbpw',126,'0'),(716,'022 Cheese Danish',1,'Cascades Cafe','2016-04-30 10:33:07','grubbpw',127,'0'),(717,'063 Hummus',2,'Cascades Cafe','2016-04-30 10:33:07','grubbpw',127,'0'),(718,'065 Iced Chocolate Brownie',2,'Cascades Cafe','2016-04-30 10:33:07','grubbpw',127,'0'),(719,'142 Tortilla Chips',2,'Cascades Cafe','2016-04-30 10:33:07','grubbpw',127,'0'),(720,'002 Apple Bread',2,'Sanford Commons','2016-05-11 09:29:17','wolcottjd',128,'0'),(721,'008 Banana Nut Bread',2,'Sanford Commons','2016-05-11 09:29:17','wolcottjd',128,'0'),(722,'017 Blueberry Bagel',2,'Sanford Commons','2016-05-11 09:29:17','wolcottjd',128,'0'),(723,'019 Brownie Pie',2,'Sanford Commons','2016-05-11 09:29:17','wolcottjd',128,'0'),(724,'020 Carrot Cake',2,'Sanford Commons','2016-05-11 09:29:17','wolcottjd',128,'0'),(725,'030 Chocolate Cake with Chocolate Buttercream',2,'Sanford Commons','2016-05-11 09:29:17','wolcottjd',128,'0'),(726,'033 Chocolate Carrot Cake with Cream Cheese Icing',4,'Sanford Commons','2016-05-11 09:29:17','wolcottjd',128,'0'),(727,'034 Chocolate Chunk Cookie',4,'Sanford Commons','2016-05-11 09:29:17','wolcottjd',128,'0'),(728,'044 Cinnamon Raisin Bagel',2,'Sanford Commons','2016-05-11 09:29:17','wolcottjd',128,'0'),(729,'046 Cornbread Squares',2,'Sanford Commons','2016-05-11 09:29:17','wolcottjd',128,'0'),(730,'051 Everything Bagel',2,'Sanford Commons','2016-05-11 09:29:17','wolcottjd',128,'0'),(731,'059 Granola Bar',2,'Sanford Commons','2016-05-11 09:29:17','wolcottjd',128,'0'),(732,'070 Kaiser Roll',2,'Sanford Commons','2016-05-11 09:29:17','wolcottjd',128,'0'),(733,'083 Mountaineer Grill - Bacon Cheeseburger',6,'Sanford Commons','2016-05-11 09:29:17','wolcottjd',128,'0'),(734,'084 Mountaineer Grill - Cheeseburger',8,'Sanford Commons','2016-05-11 09:29:17','wolcottjd',128,'0'),(735,'085 Mountaineer Grill - Double Cheeseburger',2,'Sanford Commons','2016-05-11 09:29:17','wolcottjd',128,'0'),(736,'087 Mountaineer Grill - Grilled Chicken',2,'Sanford Commons','2016-05-11 09:29:17','wolcottjd',128,'0'),(737,'088 Mountaineer Grill - Spicy Chicken',2,'Sanford Commons','2016-05-11 09:29:17','wolcottjd',128,'0'),(738,'091 Onion Kaiser Roll',2,'Sanford Commons','2016-05-11 09:29:17','wolcottjd',128,'0'),(739,'101 Pumpkin Bread',1,'Sanford Commons','2016-05-11 09:29:17','wolcottjd',128,'0'),(740,'105 Red Velvet Cake with Cream Cheese Icing',2,'Sanford Commons','2016-05-11 09:29:17','wolcottjd',128,'0'),(741,'107 Rice Krispies Treat',2,'Sanford Commons','2016-05-11 09:29:17','wolcottjd',128,'0'),(742,'138 Strawberry Nut Bread',2,'Sanford Commons','2016-05-11 09:29:17','wolcottjd',128,'0'),(743,'030 Chocolate Cake with Chocolate Buttercream',5,'Rivers Street Cafe','2016-06-20 11:51:19','wallincr',129,'0'),(744,'032 Chocolate Cake with White Buttercream',5,'Rivers Street Cafe','2016-06-20 11:51:19','wallincr',129,'0'),(745,'105 Red Velvet Cake with Cream Cheese Icing',5,'Rivers Street Cafe','2016-06-20 11:51:19','wallincr',129,'0'),(746,'148 Vanilla Cake with Chocolate Buttercream',5,'Rivers Street Cafe','2016-06-20 11:51:19','wallincr',129,'0'),(747,'150 Vanilla Cake with White Buttercream',5,'Rivers Street Cafe','2016-06-20 11:51:19','wallincr',129,'0'),(748,'053 Generic Allergen',10,'Rivers Street Cafe','2016-06-20 11:51:58','wallincr',130,'0'),(749,'005 Apple Turnover',2,'Sanford Commons','2016-07-27 08:57:19','wolcottjd',131,'0'),(750,'017 Blueberry Bagel',2,'Sanford Commons','2016-07-27 08:57:19','wolcottjd',131,'0'),(751,'020 Carrot Cake',2,'Sanford Commons','2016-07-27 08:57:19','wolcottjd',131,'0'),(752,'021 Champagne Cake',1,'Sanford Commons','2016-07-27 08:57:19','wolcottjd',131,'0'),(753,'022 Cheese Danish',2,'Sanford Commons','2016-07-27 08:57:19','wolcottjd',131,'0'),(754,'025 Cherry Turnover',1,'Sanford Commons','2016-07-27 08:57:19','wolcottjd',131,'0'),(755,'030 Chocolate Cake with Chocolate Buttercream',1,'Sanford Commons','2016-07-27 08:57:19','wolcottjd',131,'0'),(756,'031 Chocolate Cake with Dark Chocolate Icing',2,'Sanford Commons','2016-07-27 08:57:19','wolcottjd',131,'0'),(757,'034 Chocolate Chunk Cookie',6,'Sanford Commons','2016-07-27 08:57:19','wolcottjd',131,'0'),(758,'043 Chocolate Pound Cake with Chocolate Glaze',2,'Sanford Commons','2016-07-27 08:57:19','wolcottjd',131,'0'),(759,'046 Cornbread Squares',4,'Sanford Commons','2016-07-27 08:57:19','wolcottjd',131,'0'),(760,'051 Everything Bagel',2,'Sanford Commons','2016-07-27 08:57:19','wolcottjd',131,'0'),(761,'053 Generic Allergen',4,'Sanford Commons','2016-07-27 08:57:19','wolcottjd',131,'0'),(762,'059 Granola Bar',2,'Sanford Commons','2016-07-27 08:57:19','wolcottjd',131,'0'),(763,'064 Hummus & Pita',2,'Sanford Commons','2016-07-27 08:57:19','wolcottjd',131,'0'),(764,'067 Jalapeno Cornbread Squares',2,'Sanford Commons','2016-07-27 08:57:19','wolcottjd',131,'0'),(765,'070 Kaiser Roll',2,'Sanford Commons','2016-07-27 08:57:19','wolcottjd',131,'0'),(766,'083 Mountaineer Grill - Bacon Cheeseburger',4,'Sanford Commons','2016-07-27 08:57:19','wolcottjd',131,'0'),(767,'084 Mountaineer Grill - Cheeseburger',6,'Sanford Commons','2016-07-27 08:57:19','wolcottjd',131,'0'),(768,'085 Mountaineer Grill - Double Cheeseburger',2,'Sanford Commons','2016-07-27 08:57:19','wolcottjd',131,'0'),(769,'086 Mountaineer Grill - Grilled Cheese',4,'Sanford Commons','2016-07-27 08:57:19','wolcottjd',131,'0'),(770,'087 Mountaineer Grill - Grilled Chicken',4,'Sanford Commons','2016-07-27 08:57:19','wolcottjd',131,'0'),(771,'088 Mountaineer Grill - Spicy Chicken',4,'Sanford Commons','2016-07-27 08:57:19','wolcottjd',131,'0'),(772,'102 Pumpkin Cheesecake',2,'Sanford Commons','2016-07-27 08:57:19','wolcottjd',131,'0'),(773,'105 Red Velvet Cake with Cream Cheese Icing',2,'Sanford Commons','2016-07-27 08:57:19','wolcottjd',131,'0'),(774,'107 Rice Krispies Treat',4,'Sanford Commons','2016-07-27 08:57:19','wolcottjd',131,'0'),(775,'123 Rum Pound Cake',2,'Sanford Commons','2016-07-27 08:57:19','wolcottjd',131,'0'),(776,'140 Sugar Cookie',2,'Sanford Commons','2016-07-27 08:57:19','wolcottjd',131,'0'),(777,'143 Triple Indulgence Chocolate Cheesecake',2,'Sanford Commons','2016-07-27 08:57:19','wolcottjd',131,'0'),(778,'155 Wheat Demi Roll',2,'Sanford Commons','2016-07-27 08:57:19','wolcottjd',131,'0'),(779,'156 White Chocolate Macadamia Nut Cookie',4,'Sanford Commons','2016-07-27 08:57:19','wolcottjd',131,'0'),(780,'159 White Demi Roll',2,'Sanford Commons','2016-07-27 08:57:19','wolcottjd',131,'0'),(781,'011 Bavarian Wheat Roll',5,'Rivers Street Cafe','2016-08-03 11:29:19','wallincr',132,'0'),(782,'012 Biscuit Chicken',8,'Rivers Street Cafe','2016-08-03 11:29:19','wallincr',132,'0'),(783,'014 Biscuit Sausage',6,'Rivers Street Cafe','2016-08-03 11:29:19','wallincr',132,'0'),(784,'017 Blueberry Bagel',4,'Rivers Street Cafe','2016-08-03 11:29:19','wallincr',132,'0'),(785,'044 Cinnamon Raisin Bagel',4,'Rivers Street Cafe','2016-08-03 11:29:19','wallincr',132,'0'),(786,'046 Cornbread Squares',4,'Rivers Street Cafe','2016-08-03 11:29:19','wallincr',132,'0'),(787,'050 English Muffin',4,'Rivers Street Cafe','2016-08-03 11:29:19','wallincr',132,'0'),(788,'051 Everything Bagel',4,'Rivers Street Cafe','2016-08-03 11:29:19','wallincr',132,'0'),(789,'099 Plain Bagel',4,'Rivers Street Cafe','2016-08-03 11:29:19','wallincr',132,'0'),(790,'163 Wrapps - Breakfast Burrito',10,'Rivers Street Cafe','2016-08-03 11:29:19','wallincr',132,'0'),(791,'164 Wrapps - Chicken Burrito',10,'Rivers Street Cafe','2016-08-03 11:29:19','wallincr',132,'0'),(792,'174 Wrapps - Supreme Breakfast Burrito',10,'Rivers Street Cafe','2016-08-03 11:29:19','wallincr',132,'0'),(793,'175 Wrapps - Veggie Burrito',10,'Rivers Street Cafe','2016-08-03 11:29:19','wallincr',132,'0'),(794,'177 Yeast Roll',8,'Rivers Street Cafe','2016-08-03 11:29:19','wallincr',132,'0'),(795,'183 Wrapps - Boone Philly',15,'Rivers Street Cafe','2016-08-03 11:29:19','wallincr',132,'0'),(796,'184 Wrapps - The Clubhouse',15,'Rivers Street Cafe','2016-08-03 11:29:19','wallincr',132,'0'),(797,'032 Chocolate Cake with White Buttercream',2,'Park Place Cafe','2016-08-04 03:56:42','durhamld',133,'0'),(798,'034 Chocolate Chunk Cookie',2,'Park Place Cafe','2016-08-04 03:56:42','durhamld',133,'0'),(799,'038 Chocolate Glazed Bavarian Crème Filled Donut',2,'Park Place Cafe','2016-08-04 03:56:42','durhamld',133,'0'),(800,'039 Chocolate Glazed Bavarian Crème Filled Long John',2,'Park Place Cafe','2016-08-04 03:56:42','durhamld',133,'0'),(801,'057 Glazed Yeast Donut Holes',2,'Park Place Cafe','2016-08-04 03:56:42','durhamld',133,'0'),(802,'107 Rice Krispies Treat',3,'Park Place Cafe','2016-08-04 03:56:42','durhamld',133,'0'),(803,'156 White Chocolate Macadamia Nut Cookie',2,'Park Place Cafe','2016-08-04 03:56:42','durhamld',133,'0'),(804,'059 Granola Bar',2,'Park Place Cafe','2016-08-12 12:18:06','durhamld',134,'0'),(805,'032 Chocolate Cake with White Buttercream',2,'Park Place Cafe','2016-08-31 12:39:57','durhamld',135,'0'),(806,'034 Chocolate Chunk Cookie',3,'Park Place Cafe','2016-08-31 12:39:57','durhamld',135,'0'),(807,'054 German Chocolate Cake',1,'Park Place Cafe','2016-08-31 12:39:57','durhamld',135,'0'),(808,'096 Peanut Butter Cheerio Squares',1,'Park Place Cafe','2016-08-31 12:39:57','durhamld',135,'0'),(809,'136 Strawberry Cheesecake',1,'Park Place Cafe','2016-08-31 12:39:57','durhamld',135,'0'),(810,'140 Sugar Cookie',2,'Park Place Cafe','2016-08-31 12:39:57','durhamld',135,'0'),(811,'150 Vanilla Cake with White Buttercream',2,'Park Place Cafe','2016-08-31 12:39:57','durhamld',135,'0'),(812,'156 White Chocolate Macadamia Nut Cookie',3,'Park Place Cafe','2016-08-31 12:39:57','durhamld',135,'0'),(813,'013 Biscuit Country Ham',2,'Park Place Cafe','2016-08-31 12:41:21','durhamld',136,'0'),(814,'014 Biscuit Sausage',3,'Park Place Cafe','2016-08-31 12:41:21','durhamld',136,'0'),(815,'001 Angel Food Cake',2,'Park Place Cafe','2016-09-02 09:44:48','brandonhy',137,'0'),(816,'002 Apple Bread',2,'Park Place Cafe','2016-09-02 09:44:48','brandonhy',137,'0'),(817,'003 Apple Filled Donut',2,'Park Place Cafe','2016-09-02 09:44:48','brandonhy',137,'0'),(818,'004 Apple Pie',2,'Park Place Cafe','2016-09-02 09:44:48','brandonhy',137,'0'),(819,'005 Apple Turnover',2,'Park Place Cafe','2016-09-02 09:44:48','brandonhy',137,'0'),(820,'006 Bacon, Egg & Cheese on Everything Bagel',2,'Park Place Cafe','2016-09-02 09:44:48','brandonhy',137,'0'),(821,'032 Chocolate Cake with White Buttercream',2,'Park Place Cafe','2016-09-02 10:55:02','durhamld',138,'0'),(822,'034 Chocolate Chunk Cookie',3,'Park Place Cafe','2016-09-02 10:55:02','durhamld',138,'0'),(823,'054 German Chocolate Cake',1,'Park Place Cafe','2016-09-02 10:55:02','durhamld',138,'0'),(824,'096 Peanut Butter Cheerio Squares',1,'Park Place Cafe','2016-09-02 10:55:02','durhamld',138,'0'),(825,'136 Strawberry Cheesecake',1,'Park Place Cafe','2016-09-02 10:55:02','durhamld',138,'0'),(826,'140 Sugar Cookie',2,'Park Place Cafe','2016-09-02 10:55:02','durhamld',138,'0'),(827,'150 Vanilla Cake with White Buttercream',2,'Park Place Cafe','2016-09-02 10:55:02','durhamld',138,'0'),(828,'156 White Chocolate Macadamia Nut Cookie',3,'Park Place Cafe','2016-09-02 10:55:02','durhamld',138,'0'),(829,'013 Biscuit Country Ham',2,'Park Place Cafe','2016-09-02 10:56:08','durhamld',139,'0'),(830,'014 Biscuit Sausage',3,'Park Place Cafe','2016-09-02 10:56:08','durhamld',139,'0'),(831,'083 Mountaineer Grill - Bacon Cheeseburger',10,'Sanford Commons','2016-09-14 12:33:16','wolcottjd',140,'0'),(832,'084 Mountaineer Grill - Cheeseburger',10,'Sanford Commons','2016-09-14 12:33:16','wolcottjd',140,'0'),(833,'085 Mountaineer Grill - Double Cheeseburger',5,'Sanford Commons','2016-09-14 12:33:16','wolcottjd',140,'0'),(834,'087 Mountaineer Grill - Grilled Chicken',8,'Sanford Commons','2016-09-14 12:33:16','wolcottjd',140,'0'),(835,'088 Mountaineer Grill - Spicy Chicken',15,'Sanford Commons','2016-09-14 12:33:16','wolcottjd',140,'0'),(836,'096 Peanut Butter Cheerio Squares',3,'Cascades Cafe','2016-09-14 01:45:15','hcksee',141,'0'),(837,'107 Rice Krispies Treat',3,'Cascades Cafe','2016-09-14 01:45:15','hcksee',141,'0'),(838,'053 Generic Allergen',3,'Park Place Cafe','2016-09-15 09:49:11','durhamld',142,'0'),(839,'105 Red Velvet Cake with Cream Cheese Icing',1,'Park Place Cafe','2016-09-15 09:54:22','durhamld',143,'0'),(840,'034 Chocolate Chunk Cookie',10,'Rivers Street Cafe','2016-09-20 04:24:41','wallincr',144,'0'),(841,'047 Croissant',5,'Rivers Street Cafe','2016-09-20 04:24:41','wallincr',144,'0'),(842,'184 Wrapps - The Clubhouse',6,'Rivers Street Cafe','2016-09-20 04:24:41','wallincr',144,'0'),(843,'096 Peanut Butter Cheerio Squares',5,'Rivers Street Cafe','2016-09-21 03:15:22','wallincr',145,'0'),(844,'053 Generic Allergen',8,'Rivers Street Cafe','2016-09-21 03:17:28','wallincr',146,'0'),(845,'001 Angel Food Cake',5,'Rivers Street Cafe','2016-09-22 01:21:52','wallincr',147,'0'),(846,'012 Biscuit Chicken',10,'Rivers Street Cafe','2016-09-22 01:21:52','wallincr',147,'0'),(847,'013 Biscuit Country Ham',3,'Rivers Street Cafe','2016-09-22 01:21:52','wallincr',147,'0'),(848,'014 Biscuit Sausage',5,'Rivers Street Cafe','2016-09-22 01:21:52','wallincr',147,'0'),(849,'140 Sugar Cookie',6,'Rivers Street Cafe','2016-09-22 01:21:52','wallincr',147,'0'),(850,'156 White Chocolate Macadamia Nut Cookie',6,'Rivers Street Cafe','2016-09-22 01:21:52','wallincr',147,'0'),(851,'020 Carrot Cake',5,'Rivers Street Cafe','2016-09-26 08:56:33','wallincr',148,'0'),(852,'005 Apple Turnover',2,'Cascades Cafe','2016-09-28 07:50:42','hcksee',149,'0'),(853,'008 Banana Nut Bread',3,'Cascades Cafe','2016-09-28 07:50:42','hcksee',149,'0'),(854,'008 Banana Nut Bread',1,'Park Place Cafe','2016-10-04 01:21:09','durhamld',150,'0'),(855,'035 Chocolate Croissant',1,'Park Place Cafe','2016-10-04 01:21:09','durhamld',150,'0'),(856,'038 Chocolate Glazed Bavarian Crème Filled Donut',1,'Park Place Cafe','2016-10-04 01:21:09','durhamld',150,'0'),(857,'059 Granola Bar',1,'Park Place Cafe','2016-10-04 01:21:09','durhamld',150,'0'),(858,'091 Onion Kaiser Roll',1,'Park Place Cafe','2016-10-04 01:21:09','durhamld',150,'0'),(859,'097 Pecan Pie',1,'Park Place Cafe','2016-10-04 01:21:09','durhamld',150,'0'),(860,'107 Rice Krispies Treat',2,'Park Place Cafe','2016-10-04 01:21:09','durhamld',150,'0'),(861,'123 Rum Pound Cake',1,'Park Place Cafe','2016-10-04 01:21:09','durhamld',150,'0'),(862,'138 Strawberry Nut Bread',1,'Park Place Cafe','2016-10-04 01:21:09','durhamld',150,'0'),(863,'180 Southwest Chicken Wrap',2,'Park Place Cafe','2016-10-04 01:22:15','durhamld',151,'0'),(864,'015 Biscuit Steak',2,'Park Place Cafe','2016-10-04 01:23:24','durhamld',152,'0'),(865,'126 Sausage, Egg & Cheese on Everything Bagel',2,'Park Place Cafe','2016-10-04 01:23:24','durhamld',152,'0'),(866,'127 Sausage, Egg & Cheese on Plain Bagel',2,'Park Place Cafe','2016-10-04 01:23:24','durhamld',152,'0'),(867,'005 Apple Turnover',3,'Cascades Cafe','2016-10-05 04:07:24','norrisee',153,'0'),(868,'008 Banana Nut Bread',3,'Cascades Cafe','2016-10-05 04:07:24','norrisee',153,'0'),(869,'017 Blueberry Bagel',3,'Cascades Cafe','2016-10-05 04:07:24','norrisee',153,'0'),(870,'022 Cheese Danish',2,'Cascades Cafe','2016-10-05 04:07:24','norrisee',153,'0'),(871,'025 Cherry Turnover',2,'Cascades Cafe','2016-10-05 04:07:24','norrisee',153,'0'),(872,'035 Chocolate Croissant',3,'Cascades Cafe','2016-10-05 04:07:24','norrisee',153,'0'),(873,'051 Everything Bagel',3,'Cascades Cafe','2016-10-05 04:07:24','norrisee',153,'0'),(874,'053 Generic Allergen',2,'Cascades Cafe','2016-10-05 04:07:24','norrisee',153,'0'),(875,'096 Peanut Butter Cheerio Squares',2,'Cascades Cafe','2016-10-05 04:07:24','norrisee',153,'0'),(876,'099 Plain Bagel',3,'Cascades Cafe','2016-10-05 04:07:24','norrisee',153,'0'),(877,'101 Pumpkin Bread',3,'Cascades Cafe','2016-10-05 04:07:24','norrisee',153,'0'),(878,'107 Rice Krispies Treat',3,'Cascades Cafe','2016-10-05 04:07:24','norrisee',153,'0'),(879,'138 Strawberry Nut Bread',3,'Cascades Cafe','2016-10-05 04:07:24','norrisee',153,'0'),(880,'185 Blueberry & Banana Overnight Oats',3,'Cascades Cafe','2016-10-05 04:07:24','norrisee',153,'0'),(881,'190 Strawberry & Cream Overnight Oats',3,'Cascades Cafe','2016-10-05 04:07:24','norrisee',153,'0'),(882,'098 Pita Bread',2,'Park Place Cafe','2016-10-07 09:49:10','durhamld',154,'0'),(883,'019 Brownie Pie',6,'Sanford Commons','2016-10-10 08:58:10','wolcottjd',155,'0'),(884,'034 Chocolate Chunk Cookie',10,'Sanford Commons','2016-10-10 08:58:10','wolcottjd',155,'0'),(885,'083 Mountaineer Grill - Bacon Cheeseburger',6,'Sanford Commons','2016-10-10 08:58:10','wolcottjd',155,'0'),(886,'084 Mountaineer Grill - Cheeseburger',10,'Sanford Commons','2016-10-10 08:58:10','wolcottjd',155,'0'),(887,'085 Mountaineer Grill - Double Cheeseburger',6,'Sanford Commons','2016-10-10 08:58:10','wolcottjd',155,'0'),(888,'088 Mountaineer Grill - Spicy Chicken',12,'Sanford Commons','2016-10-10 08:58:10','wolcottjd',155,'0'),(889,'185 Blueberry & Banana Overnight Oats',1,'Park Place Cafe','2016-10-19 12:28:08','durhamld',156,'0'),(890,'190 Strawberry & Cream Overnight Oats',1,'Park Place Cafe','2016-10-19 12:28:08','durhamld',156,'0'),(891,'169 Wrapps - Hungry App',5,'Rivers Street Cafe','2016-10-26 12:10:10','wallincr',157,'0'),(892,'174 Wrapps - Supreme Breakfast Burrito',15,'Rivers Street Cafe','2016-10-26 12:10:10','wallincr',157,'0'),(893,'175 Wrapps - Veggie Burrito',8,'Rivers Street Cafe','2016-10-26 12:10:10','wallincr',157,'0'),(894,'053 Generic Allergen',3,'Park Place Cafe','2016-11-02 11:51:20','durhamld',158,'0'),(895,'003 Apple Filled Donut',2,'Park Place Cafe','2016-11-02 11:59:52','durhamld',159,'0'),(896,'018 Blueberry Filled Donut',2,'Park Place Cafe','2016-11-02 11:59:52','durhamld',159,'0'),(897,'051 Everything Bagel',2,'Park Place Cafe','2016-11-02 11:59:52','durhamld',159,'0'),(898,'075 Lemon Filled Donut',2,'Park Place Cafe','2016-11-02 11:59:52','durhamld',159,'0'),(899,'081 Maple Glazed Yeast Donut',2,'Park Place Cafe','2016-11-02 11:59:52','durhamld',159,'0'),(900,'082 Mounds Cake',1,'Park Place Cafe','2016-11-02 11:59:52','durhamld',159,'0'),(901,'104 Raspberry Filled Donut',2,'Park Place Cafe','2016-11-02 11:59:52','durhamld',159,'0'),(902,'181 Turkey Bacon Buffalo Ranch Wrap',2,'Park Place Cafe','2016-11-03 12:14:58','durhamld',160,'0'),(903,'181 Turkey Bacon Buffalo Ranch Wrap',2,'Park Place Cafe','2016-11-08 01:18:06','durhamld',161,'0'),(904,'012 Biscuit Chicken',6,'Rivers Street Cafe','2016-11-11 09:51:15','wallincr',162,'0'),(905,'013 Biscuit Country Ham',2,'Rivers Street Cafe','2016-11-11 09:51:15','wallincr',162,'0'),(906,'014 Biscuit Sausage',5,'Rivers Street Cafe','2016-11-11 09:51:15','wallincr',162,'0'),(907,'015 Biscuit Steak',3,'Rivers Street Cafe','2016-11-11 09:51:15','wallincr',162,'0'),(908,'046 Cornbread Squares',4,'Rivers Street Cafe','2016-11-11 09:51:15','wallincr',162,'0'),(909,'180 Southwest Chicken Wrap',2,'Park Place Cafe','2016-11-11 11:59:41','durhamld',163,'0'),(910,'110 Rivers Street Grille - Blue Ridge Cheeseburger',10,'Rivers Street Cafe','2016-11-15 10:09:19','wallincr',164,'0'),(911,'111 Rivers Street Grille - Buffalo Fried Chicken Sandwich',6,'Rivers Street Cafe','2016-11-15 10:09:19','wallincr',164,'0'),(912,'112 Rivers Street Grille - Caribbean Jerk Chicken Sandwich',4,'Rivers Street Cafe','2016-11-15 10:09:19','wallincr',164,'0'),(913,'114 Rivers Street Grille - Fried Chicken Breast Sandwich',6,'Rivers Street Cafe','2016-11-15 10:09:19','wallincr',164,'0'),(914,'115 Rivers Street Grille - Grilled Cheese',8,'Rivers Street Cafe','2016-11-15 10:09:19','wallincr',164,'0'),(915,'116 Rivers Street Grille - Grilled Chicken Breast Sandwich',8,'Rivers Street Cafe','2016-11-15 10:09:19','wallincr',164,'0'),(916,'121 Rivers Street Grille - Spicy Chicken Breast Sandwich',4,'Rivers Street Cafe','2016-11-15 10:09:19','wallincr',164,'0'),(917,'122 Rivers Street Grille - Turkey Burger',7,'Rivers Street Cafe','2016-11-15 10:09:19','wallincr',164,'0'),(918,'194 Fruit & Yogurt Parfait',1,'Park Place Cafe','2016-11-21 01:40:07','durhamld',165,'0'),(919,'012 Biscuit Chicken',2,'Park Place Cafe','2016-11-21 01:41:54','durhamld',166,'0'),(920,'069 Jumbo Cinnamon Roll with Cream Cheese Icing',1,'Park Place Cafe','2016-11-21 01:46:12','durhamld',167,'0'),(921,'137 Strawberry Cream Cheese Fruit Bites',2,'Park Place Cafe','2016-11-21 01:46:12','durhamld',167,'0'),(922,'001 Angel Food Cake',1,'Rivers Street Cafe','2017-01-13 01:33:28','brandonhy',168,'0'),(923,'004 Apple Pie',1,'Rivers Street Cafe','2017-01-13 01:33:28','brandonhy',168,'0'),(924,'006 Bacon, Egg & Cheese on Everything Bagel',3,'Park Place Cafe','2017-01-19 01:26:06','durhamld',169,'0'),(925,'007 Bacon, Egg & Cheese on Plain Bagel',3,'Park Place Cafe','2017-01-19 01:26:06','durhamld',169,'0'),(926,'127 Sausage, Egg & Cheese on Plain Bagel',1,'Park Place Cafe','2017-01-19 01:26:06','durhamld',169,'0'),(927,'034 Chocolate Chunk Cookie',3,'Park Place Cafe','2017-01-19 01:31:33','durhamld',170,'0'),(928,'156 White Chocolate Macadamia Nut Cookie',3,'Park Place Cafe','2017-01-19 01:31:33','durhamld',170,'0'),(929,'020 Carrot Cake',2,'Sanford Commons','2017-01-20 01:25:50','wolcottjd',171,'0'),(930,'033 Chocolate Carrot Cake with Cream Cheese Icing',2,'Sanford Commons','2017-01-20 01:25:50','wolcottjd',171,'0'),(931,'034 Chocolate Chunk Cookie',10,'Sanford Commons','2017-01-20 01:25:50','wolcottjd',171,'0'),(932,'046 Cornbread Squares',4,'Sanford Commons','2017-01-20 01:25:50','wolcottjd',171,'0'),(933,'083 Mountaineer Grill - Bacon Cheeseburger',6,'Sanford Commons','2017-01-20 01:25:50','wolcottjd',171,'0'),(934,'084 Mountaineer Grill - Cheeseburger',6,'Sanford Commons','2017-01-20 01:25:50','wolcottjd',171,'0'),(935,'085 Mountaineer Grill - Double Cheeseburger',2,'Sanford Commons','2017-01-20 01:25:50','wolcottjd',171,'0'),(936,'087 Mountaineer Grill - Grilled Chicken',6,'Sanford Commons','2017-01-20 01:25:50','wolcottjd',171,'0'),(937,'088 Mountaineer Grill - Spicy Chicken',8,'Sanford Commons','2017-01-20 01:25:50','wolcottjd',171,'0'),(938,'140 Sugar Cookie',4,'Sanford Commons','2017-01-20 01:25:50','wolcottjd',171,'0'),(939,'012 Biscuit Chicken',6,'Rivers Street Cafe','2017-01-23 11:52:52','wallincr',172,'0'),(940,'058 Granola',3,'Rivers Street Cafe','2017-01-23 11:52:52','wallincr',172,'0'),(941,'064 Hummus & Pita',5,'Rivers Street Cafe','2017-01-23 11:52:52','wallincr',172,'0');
/*!40000 ALTER TABLE `orderhistory` ENABLE KEYS */;
UNLOCK TABLES;

--
-- Table structure for table `rvc_to_groups`
--

DROP TABLE IF EXISTS `rvc_to_groups`;
/*!40101 SET @saved_cs_client     = @@character_set_client */;
/*!40101 SET character_set_client = utf8 */;
CREATE TABLE `rvc_to_groups` (
  `link_id` int(11) NOT NULL AUTO_INCREMENT,
  `revenue_center_id` int(11) NOT NULL,
  `group_id` int(11) NOT NULL,
  `note` varchar(255) DEFAULT NULL,
  PRIMARY KEY (`link_id`),
  KEY `revenue_center_id` (`revenue_center_id`),
  KEY `group_id` (`group_id`),
  CONSTRAINT `rvc_to_groups_ibfk_1` FOREIGN KEY (`revenue_center_id`) REFERENCES `budget_definition` (`revenue_center_id`),
  CONSTRAINT `rvc_to_groups_ibfk_2` FOREIGN KEY (`group_id`) REFERENCES `labelgroups` (`group_id`)
) ENGINE=InnoDB AUTO_INCREMENT=15 DEFAULT CHARSET=latin1;
/*!40101 SET character_set_client = @saved_cs_client */;

--
-- Dumping data for table `rvc_to_groups`
--

LOCK TABLES `rvc_to_groups` WRITE;
/*!40000 ALTER TABLE `rvc_to_groups` DISABLE KEYS */;
INSERT INTO `rvc_to_groups` VALUES (1,1,1,NULL),(2,1,4,NULL),(3,1,5,NULL),(4,2,3,NULL),(5,3,1,NULL),(6,3,6,NULL),(7,4,1,NULL),(8,4,2,NULL),(9,5,1,NULL),(10,5,7,NULL),(11,1,8,NULL),(12,3,8,NULL),(13,4,8,NULL),(14,5,8,NULL);
/*!40000 ALTER TABLE `rvc_to_groups` ENABLE KEYS */;
UNLOCK TABLES;

--
-- Table structure for table `usernames`
--

DROP TABLE IF EXISTS `usernames`;
/*!40101 SET @saved_cs_client     = @@character_set_client */;
/*!40101 SET character_set_client = utf8 */;
CREATE TABLE `usernames` (
  `user_id` int(11) NOT NULL AUTO_INCREMENT,
  `appd_name` varchar(64) DEFAULT NULL,
  `user_name` varchar(96) DEFAULT NULL,
  PRIMARY KEY (`user_id`)
) ENGINE=InnoDB AUTO_INCREMENT=20 DEFAULT CHARSET=latin1;
/*!40101 SET character_set_client = @saved_cs_client */;

--
-- Dumping data for table `usernames`
--

LOCK TABLES `usernames` WRITE;
/*!40000 ALTER TABLE `usernames` DISABLE KEYS */;
INSERT INTO `usernames` VALUES (1,'clineph','Pam Cline'),(2,'haasjd','John Haas'),(3,'brandonhy','Heather Brandon'),(4,'fulkac','Tony Fulk'),(5,'wolcottjd','John Wolcott'),(6,'jp23789','John Pierce'),(8,'wallincr','Charlie Wallin'),(10,'norrisee','Erica Norris'),(12,'branamangh','Guy Branaman'),(14,'durhamld','Lori Durham'),(16,'welbornjc','John Welborn'),(17,'merrelldl','Donna Merrell'),(18,'youngjt1','Jon Young'),(19,'futrelletl','Tim Futrelle');
/*!40000 ALTER TABLE `usernames` ENABLE KEYS */;
UNLOCK TABLES;

--
-- Table structure for table `work_hours`
--

DROP TABLE IF EXISTS `work_hours`;
/*!40101 SET @saved_cs_client     = @@character_set_client */;
/*!40101 SET character_set_client = utf8 */;
CREATE TABLE `work_hours` (
  `id` int(11) NOT NULL AUTO_INCREMENT,
  `Name` varchar(45) DEFAULT NULL,
  `Hours` decimal(45,0) DEFAULT NULL,
  `LID` int(11) DEFAULT NULL,
  PRIMARY KEY (`id`)
) ENGINE=InnoDB DEFAULT CHARSET=latin1;
/*!40101 SET character_set_client = @saved_cs_client */;

--
-- Dumping data for table `work_hours`
--

LOCK TABLES `work_hours` WRITE;
/*!40000 ALTER TABLE `work_hours` DISABLE KEYS */;
/*!40000 ALTER TABLE `work_hours` ENABLE KEYS */;
UNLOCK TABLES;

--
-- Final view structure for view `RVG_Group_Mapping`
--

/*!50001 DROP VIEW IF EXISTS `RVG_Group_Mapping`*/;
/*!50001 SET @saved_cs_client          = @@character_set_client */;
/*!50001 SET @saved_cs_results         = @@character_set_results */;
/*!50001 SET @saved_col_connection     = @@collation_connection */;
/*!50001 SET character_set_client      = utf8 */;
/*!50001 SET character_set_results     = utf8 */;
/*!50001 SET collation_connection      = utf8_general_ci */;
/*!50001 CREATE ALGORITHM=UNDEFINED */
/*!50013 DEFINER=`root`@`localhost` SQL SECURITY DEFINER */
/*!50001 VIEW `RVG_Group_Mapping` AS select `A`.`revenue_center_id` AS `revenue_center_id`,`A`.`group_id` AS `group_id`,`B`.`revenue_center` AS `revenue_center`,`C`.`group_name` AS `group_name` from ((`rvc_to_groups` `A` join `budget_definition` `B` on((`A`.`revenue_center_id` = `B`.`revenue_center_id`))) join `labelgroups` `C` on((`A`.`group_id` = `C`.`group_id`))) order by `B`.`revenue_center` */;
/*!50001 SET character_set_client      = @saved_cs_client */;
/*!50001 SET character_set_results     = @saved_cs_results */;
/*!50001 SET collation_connection      = @saved_col_connection */;
/*!40103 SET TIME_ZONE=@OLD_TIME_ZONE */;

/*!40101 SET SQL_MODE=@OLD_SQL_MODE */;
/*!40014 SET FOREIGN_KEY_CHECKS=@OLD_FOREIGN_KEY_CHECKS */;
/*!40014 SET UNIQUE_CHECKS=@OLD_UNIQUE_CHECKS */;
/*!40101 SET CHARACTER_SET_CLIENT=@OLD_CHARACTER_SET_CLIENT */;
/*!40101 SET CHARACTER_SET_RESULTS=@OLD_CHARACTER_SET_RESULTS */;
/*!40101 SET COLLATION_CONNECTION=@OLD_COLLATION_CONNECTION */;
/*!40111 SET SQL_NOTES=@OLD_SQL_NOTES */;

-- Dump completed on 2017-01-23 22:04:47
